x,y,z,yaw,V,a
21921.39308,51753.80591,257.9,1.50029119,56.21503264026485,1.1073591818720598
21921.65339,51757.49187,257.9,1.47554165,56.28777478279961,1.0802228000400849
21922.10921,51762.26275,257.9,1.470635917,56.37967500391925,1.0818392803032448
21922.59318,51767.07839,257.9,1.477490847,56.47246884755789,1.069760951102454
21923.04493,51771.90604,257.9,1.486662333,56.56424421688845,1.067569658944924
21923.45095,51776.72051,257.9,1.480501773,56.65535965732943,1.0693311324941914
21923.88578,51781.52306,257.9,1.483008402,56.74630229507013,1.0729320784387464
21924.30894,51786.33092,257.9,1.481638221,56.83748518276503,1.0751843574674584
21924.73912,51791.14311,257.9,1.478390634,56.92880614529766,1.0769142783494337
21925.18527,51795.95744,257.9,1.47852229,57.02019502509291,1.0779984142883496
21925.63092,51800.77335,257.9,1.487790651,57.11155827269216,1.07950474326639
21926.03181,51805.59201,257.9,1.484420479,57.202880720586,1.081254967961189
21926.44773,51810.3953,257.9,1.48202526,57.29394028624966,1.08499155213557
21926.8756,51815.20243,257.9,1.484539402,57.38526137655168,1.0872738014839833
21927.29099,51820.00625,257.9,1.476684556,57.47654599640749,1.0890145242143952
21927.74543,51824.82078,257.9,1.484866623,57.56809997527438,1.0686357654370662
21928.15928,51829.62506,257.9,1.477723081,57.65754254143275,1.0640330567918137
21928.60853,51834.43789,257.9,1.48029927,57.74667744294929,1.0656914373868698
21929.04547,51839.25302,257.9,1.479783641,57.83583498680679,0.9932382429901857
21929.48231,51844.0394,257.9,1.473626681,57.91831625181838,0.9734596858411279
21929.95166,51848.85449,257.9,1.474235,57.99957223760595,0.9748490155557143
21930.4194,51853.68334,257.9,1.491068981,58.08105752695458,0.977523110780038
21930.80378,51858.49426,257.9,1.484717929,58.1622281840691,0.9793008722419141
21931.21754,51863.28934,257.9,1.47727548,58.24320851601463,0.9807093760289337
21931.66953,51868.10825,257.9,1.490383347,58.32464937103583,1.0110285588601298
21932.05779,51872.92612,257.9,1.482319887,58.40837538702728,1.0208743322807
21932.48439,51877.73514,257.9,1.490756917,58.49269768713427,1.022276407901976
21932.87377,51882.58961,257.9,1.505337975,58.577749871342505,0.86523137793752
21933.18893,51887.39735,257.9,1.488004418,58.64887254792602,0.8228003791791265
21933.58536,51892.17474,257.9,1.486146296,58.71608764307606,0.823771178086973
21933.99509,51897.00337,257.9,1.493290799,58.78403617929382,0.6954707949410293
21934.37009,51901.83209,257.9,1.496605168,58.841308623199055,0.6590387101578791
21934.72822,51906.65031,257.9,1.490909048,58.895398006887554,0.6596991343358428
21935.11304,51911.45707,257.9,1.491108584,58.94938700893643,0.7583970806742885
21935.49814,51916.27946,257.9,1.501828883,59.011592822904966,0.7871912296465113
21935.83083,51921.09571,257.9,1.487655977,59.075957681559295,0.7882238046800614
21936.23077,51925.89513,257.9,1.489264115,59.14018121507385,0.9237532739672663
21936.62429,51930.71091,257.9,1.49030209,59.21560499026523,0.9642723327768702
21937.01296,51935.52902,257.9,1.494064446,59.29426615567399,0.9655019820636288
21937.3834,51940.34726,257.9,1.495421808,59.37290204231034,1.0079720835980517
21937.74708,51945.16313,257.9,1.490547231,59.45483719236438,1.0214400928000607
21938.13453,51949.98089,257.9,1.493649042,59.537816116856966,1.0228282136982048
21938.507,51954.79935,257.9,1.497390154,59.620783852711085,1.017107373385474
21938.86098,51959.61286,257.9,1.492990297,59.70306542504752,1.0165189033571613
21939.23588,51964.42152,257.9,1.492611594,59.78513088600883,1.0179171245994327
21939.61281,51969.2327,257.9,1.491281993,59.86724190764514,1.018454574565079
21939.99722,51974.05703,257.9,1.491751373,59.94951644368742,1.0195685513947887
21940.37829,51978.8678,257.9,1.490787061,60.03153395715377,1.020977922802781
21940.76456,51983.68538,257.9,1.495574814,60.1136750230859,1.0297910950141387
21941.12772,51988.50413,257.9,1.493976764,60.19640089805692,1.0334396415249978
21941.49854,51993.32175,257.9,1.500559033,60.27929639237714,1.0336129102338174
21941.83912,51998.16273,257.9,1.502997784,60.36245280175434,1.033234040656565
21942.16611,52002.97833,257.9,1.497815349,60.44501556631455,1.0342460782540588
21942.51752,52007.78491,257.9,1.485787784,60.52742201615168,1.0358603946140867
21942.92938,52012.61808,257.9,1.493845551,60.61037934447892,1.0102059001808559
21943.30085,52017.43591,257.9,1.49611574,60.69086402268982,1.003508433428763
21943.66139,52022.25484,257.9,1.495311686,60.77071400891696,1.0048493170296804
21944.02595,52027.07518,257.9,1.488574172,60.85059389655671,0.9815128738508764
21944.42208,52031.88212,257.9,1.490440609,60.92834242858096,0.9753225413468318
21944.81205,52036.72476,257.9,1.502073283,61.00606332321596,0.9763302581349012
21945.14363,52041.54201,257.9,1.493653824,61.08329127319488,0.8835734066991634
21945.51526,52046.34991,257.9,1.488902065,61.15300549550385,0.8561499655169127
21945.9122,52051.18599,257.9,1.496053469,61.22090123037913,0.8570302636382341
21946.27433,52056.02205,257.9,1.504588051,61.288753082320845,0.14916468598400365
21946.59384,52060.84082,257.9,1.487284083,61.3005056392896,-0.061564600826139286
21946.9956,52065.64051,257.9,1.491655229,61.295668222663856,-0.06155829895910772
21947.37879,52070.47221,257.9,1.494080359,61.29080039110622,-1.6799840162853916
21947.74968,52075.29725,257.9,1.495726124,61.15801180134348,-2.165531646198334
21948.11144,52080.10717,257.9,1.491939134,60.9869781342605,-2.1596201509414255
21948.49269,52084.9319,257.9,1.495224348,60.81535475055861,-3.955556908162275
21948.85687,52089.74159,257.9,1.485375399,60.50081363039517,-4.486822043944806
21949.26886,52094.55298,257.9,1.484693391,60.14162245828231,-4.460115846362087
21949.68606,52099.38629,257.9,1.492751457,59.78076771392442,-5.714425480779429
21950.06393,52104.21826,257.9,1.497264856,59.31566166189186,-6.061302656247509
21950.41774,52109.02121,257.9,1.494504974,58.82147300431128,-6.010900941199764
21950.78474,52113.82238,257.9,1.484377146,58.327339999589945,-6.597606790220829
21951.20425,52118.6646,257.9,1.493396794,57.77495240229577,-6.735874723836062
21951.57806,52123.4846,257.9,1.487046378,57.2085335376801,-6.670139089461405
21951.9799,52128.27151,256.9319442,1.493453244,56.64567937390149,-6.887663555707797
21952.35365,52133.09422,255.9502735,1.490386157,56.05443231751156,-6.907414203442075
21952.74247,52137.91912,254.9497928,1.477559668,55.45473950585309,-6.833563287101128
21953.19376,52142.74542,253.9409014,1.486489846,54.85415884035616,-6.96457694356612
21953.60139,52147.56907,252.9164461,1.481240292,54.236057140481314,-6.951134915421495
21954.03405,52152.38727,251.8749096,1.47808351,53.61246550300953,-6.870807703939998
21954.48149,52157.19956,250.8173299,1.476312488,52.98945736938344,-6.9522568065093475
21954.93714,52162.00776,249.7467155,1.489305111,52.351956831928085,-6.919070065666107
21955.33062,52166.82553,248.653864,1.485441985,51.70915220996786,-6.833800966933033
21955.74312,52171.6466,247.5433576,1.478394928,51.0656753826135,-6.926695896992471
21956.18812,52176.4488,246.4089638,1.472978001,50.4072556622486,-6.893881361815081
21956.6598,52181.25547,245.2543865,1.483262983,49.742334801914026,-6.80227115239369
21957.08303,52186.07808,244.0732418,1.473631399,49.07584233868795,-6.933457467603555
21957.55239,52190.89346,242.86864,1.480726159,48.3874713899849,-6.908137122242204
21957.98757,52195.71198,241.6373181,1.474071275,47.69174389325386,-6.8082012165791825
21958.45269,52200.50562,240.3703548,1.47670743,46.9991890396787,-6.950419670638394
21958.90999,52205.35163,239.0792748,1.490835685,46.27376030043304,-6.921672917123769
21959.29637,52210.17344,237.7545028,1.483839551,45.54445024250395,-6.8125614980095754
21959.71299,52214.95245,236.3935898,1.469179409,44.82114888042383,-6.986300884134184
21960.20318,52219.75975,234.9817898,1.479566761,44.06150928998113,-6.961911060591286
21960.64456,52224.58441,233.545498,1.485275511,43.28924071928658,-6.83857545478386
21961.05906,52229.41941,232.0564117,1.473817134,42.51572386272496,-7.034763465893412
21961.52953,52234.25537,230.5249669,1.492802433,41.70402718036257,-7.011085744076945
21961.90468,52239.05566,228.9476492,1.476348689,40.88655220923678,-6.873131198356052
21962.35838,52243.84513,227.2993704,1.471887746,40.0696656317588,-6.874936525141318
21962.83671,52248.66539,225.5958367,1.494590183,39.229766923222165,-6.775860731071125
21963.20273,52253.45903,223.816612,1.477672752,38.39040824316056,-6.629634505380533
21963.65341,52258.2846,221.9464519,1.480798297,37.54412701150676,-6.760178646666934
21964.089,52263.1116,219.986007,1.483751484,36.6610627175338,-6.691573706939672
21964.50659,52267.89685,217.9213165,1.484664318,35.77357160416499,-6.527051509690884
21964.92221,52272.71027,215.7147577,1.476564746,34.88093666150719,-6.854588518145894
21965.37475,52277.49847,213.3399676,1.475741203,33.92263168294645,-6.827735639939052
21965.83203,52282.29476,210.7752035,1.47436366,32.938614769243664,-6.625437105092926
21966.30213,52287.15449,207.9401492,1.485452327,31.94144775674858,-6.918969480950446
21966.71359,52291.96398,204.7496427,1.478565805,30.87814023609522,-6.84621070339814
21967.15823,52296.77128,201.0198822,1.491992802,29.78850465822516,-6.598995482427806
21967.5392,52301.5957,196.2734646,1.474857325,28.696413402275663,-7.019387945103848
21967.99862,52306.36967,196.2734646,1.482925583,27.49825124055201,-6.934299826871537
21968.42288,52311.1854,196.2734646,1.475329773,26.25086110861593,-6.612760745076399
21968.88304,52315.99091,196.2734646,1.483572872,25.005231796259896,-7.068575901610656
21969.30345,52320.79855,196.2734646,1.476401199,23.60160824220237,-6.915425049902348
21969.75889,52325.60907,196.2734646,1.479427332,22.140569289955664,-6.473324733396971
21970.20041,52330.42792,196.2734646,1.483585237,20.677415810450896,-6.89150098868542
21970.62183,52335.24786,196.2734646,1.479521887,18.996548166006267,-6.580178968066523
21971.06114,52340.04751,196.2734646,1.474576303,17.246440038430848,-5.945336825230669
21971.5232,52344.83479,196.2734646,1.478565284,15.500038029670549,-4.050843599462875
21971.96804,52349.64422,196.2734646,1.285168319,14.181691210939272,-3.210190780051108
21973.36256,52354.39302,196.2734646,1.195703236,13.013217527212584,-2.8080595965422437
21975.25187,52359.19148,196.2734646,0.962846772,11.84826865680389,-0.32787043021463413
21978.38026,52363.68711,196.2734646,0.869645093,11.695724792577568,0.4214883718893074
21981.28439,52367.12698,196.2734646,0.358608595,11.856851835736592,0.7830317421204465
21984.48554,52368.32681,196.2734646,0.436498669,12.080509478528183,1.3021000146900432
21987.43915,52369.7047,196.2734646,0.455879472,12.42683874886304,1.440753754000125
21991.21197,52371.55463,196.2734646,0.253995742,12.904816207468906,1.410138647504556
21995.99618,52372.79662,196.2734646,0.301747449,13.434073423436068,0.888113269771798
22000.94029,52374.33548,196.2734646,0.321181171,13.77213628262384,0.6238250603962975
22005.62941,52375.89555,196.2734646,0.336267639,13.9941920162974,0.6613475415887203
22009.58426,52377.27795,196.2734646,0.568461986,14.190801056143677,1.246711048854738
22012.35321,52379.04676,196.2734646,0.732708879,14.47658288524772,1.0794377674532978
22014.82506,52381.27094,196.2734646,1.030806522,14.722437493696903,1.3147564771702667
22016.55354,52384.15454,199.2568639,0.970494723,15.019670095818196,2.4468176357477978
22018.88408,52387.55887,201.3828441,1.21444869,15.677367502455342,1.9339534391329471
22020.47119,52391.82259,203.29193,1.390504498,16.228894341090857,2.0447355412107857
22021.3367,52396.57104,205.0048685,1.624702786,16.82603931236369,2.644383953789041
22021.07569,52401.4083,206.6223895,1.542831566,17.57088386702422,3.084026677291815
22021.21415,52406.35862,208.2355399,1.732647849,18.41960203065637,3.2944313035879653
22020.43322,52411.14146,209.834285,1.840906562,19.26687620901233,3.123992948199464
22019.1343,52415.83275,211.427154,1.834312949,20.040619054740592,3.0034924781789774
22017.86407,52420.54097,212.9905084,1.827677577,20.75860842659082,3.112619209918748
22016.62526,52425.25693,214.5221826,1.822214905,21.47728569810078,2.919353583836624
22015.41615,52429.96435,216.0133355,1.827170889,22.12806383929815,2.785848362584013
22014.18309,52434.66811,217.4615889,1.838052796,22.7320185366554,2.85826405110867
22012.89687,52439.36564,218.861858,1.826933604,23.33638045775159,2.697397802218361
22011.66411,52444.07279,220.2083827,1.832369589,23.89219904562381,2.5992797120130007
22010.40666,52448.76993,221.5242555,1.809517209,24.41547426159324,2.659657476586244
22009.25922,52453.4849,222.7855896,1.816586878,24.938480308942385,2.5200346144018195
22008.07549,52458.2035,224.026153,1.835565994,25.425317951744177,2.444003354832408
22006.80222,52462.8996,225.2214579,1.827558799,25.888803250331385,2.490982683713681
22005.56884,52467.59715,226.3878853,1.819032752,26.351971220507885,2.355415995631997
22004.38204,52472.27947,227.5160134,1.804778556,26.78024490620752,2.2930870133250023
22003.26423,52476.96929,228.6214516,1.798033659,27.189931069728345,2.329158937422963
22002.18222,52481.64864,229.7056262,1.789493098,27.598286272094224,2.2234334387684855
22001.14706,52486.30624,230.7724958,1.743765242,27.980037590483224,2.1725626332220758
22000.32508,52491.01098,231.8110423,1.741086054,28.348454035698616,2.212465056112543
21999.51608,52495.71567,232.8432364,1.737709186,28.718605640943636,2.2022789351749803
21998.7284,52500.3909,233.8488337,1.711895667,29.079904500112686,2.116410183729282
21998.06097,52505.0896,234.8346507,1.696570717,29.42327725088236,2.096989196121499
21997.45952,52509.84633,235.8073373,1.694922677,29.763025846135523,2.1511422844996044
21996.8709,52514.56412,236.7688525,1.660134847,30.104689867374507,2.0097566788488854
21996.44615,52519.30579,237.7021024,1.660137764,30.42084602678995,2.1002443763841017
21996.01909,52524.07325,238.6310306,1.638341411,30.749532026961088,2.004431148062259
21995.6974,52528.82849,239.5434429,1.629506622,31.05866051922552,2.000606871454585
21995.41733,52533.59348,240.4406313,1.610619581,31.36461447957131,2.056656917391279
21995.22907,52538.31824,241.3203265,1.579571589,31.673157146103385,1.9418885514209672
21995.18738,52543.06862,242.1909543,1.571591282,31.9630882605978,1.9477249398708518
21995.18359,52547.84054,243.0590935,1.55126398,32.25256256807827,1.9879812132216872
21995.27594,52552.5681,243.4871016,1.521693787,32.542710076365715,1.8984079455826903
21995.50941,52557.31908,243.9133923,1.515260307,32.81902410000522,1.8753873862639452
21995.77642,52562.12188,244.3371721,1.51226928,33.09275421210276,1.902978157673575
21996.05754,52566.91975,244.756554,1.503753009,33.367981406609566,1.884793023698241
21996.37706,52571.6784,245.1721353,1.492362686,33.63630055533686,1.8472047617082559
21996.75114,52576.43794,245.5840757,1.492140222,33.897472342966644,1.8611604707646379
21997.13286,52581.28097,245.992878,1.4921287,34.16316514124473,1.8317055644644669
21997.51539,52586.13356,246.3969416,1.492097054,34.423161301217235,1.8136883285710985
21997.8953,52590.95103,246.7953452,1.492110278,34.67683760311981,1.827182129884009
21998.27602,52595.77949,247.1899268,1.492017622,34.93111483792822,1.797367797219427
21998.65313,52600.55649,247.5792545,1.489269424,35.17681424656628,1.7724025274147912
21999.04441,52605.34536,247.9635426,1.489236487,35.418080700727614,1.7845222361650674
21999.43936,52610.17693,248.3449114,1.48923261,35.66149247384394,1.7532130841309526
21999.83297,52614.9921,248.7207122,1.489230691,35.89822279075048,1.7333413522059424
22000.22605,52619.80059,249.0924351,1.489232265,36.13042365669055,1.7445239091578568
22000.61876,52624.60459,249.4597788,1.489220633,36.36240929760613,1.716167791653547
22001.01328,52629.43012,249.8218891,1.489220578,36.59020238454645,1.6979986733938617
22001.40779,52634.25548,250.1816769,1.489200601,36.814188795580925,1.708309757963466
22001.80033,52639.0557,250.5369338,1.489202414,37.03700538098408,1.680771210353428
22002.19259,52643.85232,250.8897081,1.489173209,37.25476661862798,1.6627744052744329
22002.58783,52648.68389,251.2368826,1.489173787,37.470507455500304,1.6724466259300317
22002.98305,52653.5152,251.5805303,1.489124239,37.686245848181386,1.6529551311210664
22003.37492,52658.30262,251.9230135,1.483716572,37.89634334592783,1.6278671697902392
22003.79339,52663.09618,252.2609747,1.483718902,38.10247699111154,1.6370463433893467
22004.21198,52667.89097,252.5969526,1.48349684,38.30870722567065,1.607540058651772
22004.63402,52672.71314,252.9294716,1.483496688,38.51129674585607,1.5877758826484074
22005.05694,52677.54533,253.2602612,1.48343473,38.71076730343887,1.6239791132954673
22005.47432,52682.31072,253.5861936,1.467747761,38.91093093817635,1.561719831475206
22005.96743,52687.07898,253.9097132,1.467721367,39.102855995480496,1.5893099092746628
22006.45863,52691.82751,254.2333944,1.440281713,39.29640769942605,1.5576885641835523
22007.07861,52696.55079,254.5535312,1.435251615,39.484790466017465,1.5435528846756017
22007.72481,52701.28905,254.8758939,1.41690927,39.67129430456991,1.4860316505412354
22008.45814,52706.01672,255.1986269,1.413002298,39.85010110172741,1.5585412651940218
22009.20503,52710.71069,255.5200968,1.37912636,40.03556061051005,1.4829249930658697
22010.1064,52715.35569,255.8374242,1.364845829,40.210439833187344,1.4709136531043205
22011.07967,52720.01439,256.156724,1.344611227,40.38416087534607,1.4355693389422932
22012.15315,52724.67924,256.4727949,1.34389742,40.55396325186053,1.4915134099942435
22013.21973,52729.29898,256.7909513,1.300823838,40.72796649810641,1.3714211452714424
22014.48417,52733.86822,257.1049066,1.300749129,40.887296050159065,1.4396101158787469
22015.75649,52738.46461,257.4222991,1.271528784,41.05487370834425,1.438580030401133
22017.14128,52742.95288,257.7406061,1.235057849,41.21913146970599,1.365458413994189
22018.70172,52747.42471,257.9,1.226771649,41.37573145781561,1.3531666840814378
22020.32575,52751.95768,257.9,1.226772346,41.53290801595605,1.338905491468488
22021.95128,52756.49482,257.9,1.220618173,41.68798713463461,1.356751208945483
22023.58547,52760.96924,257.9,1.19556983,41.8427301047402,1.3502043705441178
22025.32261,52765.37945,257.9,1.176386897,41.99540453695532,1.3225180698673482
22027.14873,52769.7669,257.9,1.157420528,42.144798359339184,1.292446271373762
22029.06205,52774.12871,257.9,1.143764364,42.290612136593325,1.2948448251864964
22031.04037,52778.47635,257.9,1.131278743,42.436608448383815,1.255779041066846
22033.07692,52782.80766,257.9,1.122409115,42.57800576268275,1.2588659463975003
22035.14209,52787.10057,257.9,1.098975462,42.71862125810159,1.2852553428851
22037.28231,52791.29493,257.9,1.064323423,42.860059870393336,1.1879052846578542
22039.59286,52795.46006,257.9,1.064325505,42.99187030617004,1.1734839035646671
22041.93174,52799.67627,257.9,1.058862079,43.12327444951644,1.2302515176635336
22044.25631,52803.81326,257.9,1.024409639,43.25844123794473,1.1585823832539464
22046.71611,52807.858,257.9,1.011663161,43.38504515287639,1.14707169937787
22049.24246,52811.89537,257.9,0.99142542,43.5107841430408,1.1395145192526261
22051.84872,52815.87884,257.9,0.977599884,43.63527516781424,1.1232751735329778
22054.51243,52819.82979,257.9,0.959563369,43.757765967427,1.0920964249049057
22057.25106,52823.7379,257.9,0.949392414,43.87670656423093,1.1091617770772517
22060.0288,52827.61727,257.9,0.930945762,43.99715532985957,1.1127500777213384
22062.85818,52831.41861,257.9,0.904460099,44.11684173856924,1.0607430809786937
22065.8099,52835.17249,257.9,0.904457067,44.23151173326937,1.1180022290258682
22068.75389,52838.91654,257.9,0.87165178,44.351735502868486,1.071135204809734
22071.81732,52842.55989,257.9,0.870178201,44.46654781826824,1.1246900127835158
22074.88775,52846.20066,257.9,0.83867903,44.58684630882815,1.0974480185655462
22078.05534,52849.72515,257.9,0.825451407,44.703332149523256,1.1014545952600225
22081.29723,52853.23772,257.9,0.814313518,44.82095178314636,1.1224311103797082
22084.56817,52856.70352,257.9,0.79409173,44.94013578806476,1.135195222724906
22087.88754,52860.08111,257.9,0.767925612,45.05960016791884,1.132433595003361
22091.29796,52863.37438,257.9,0.750234129,45.17859211846152,1.1153816813355522
22094.80113,52866.63946,257.9,0.747919076,45.296665937544965,1.1298631036858044
22098.32424,52869.90791,257.9,0.738567467,45.41638014877432,1.1531089987899086
22101.84793,52873.11611,257.9,0.71629886,45.5372113021836,1.1434726702337685
22105.43291,52876.23699,257.9,0.700754758,45.656409149615065,1.1534237399595881
22109.06937,52879.30462,257.9,0.680844376,45.77644173161769,1.146291615312924
22112.77076,52882.30296,257.9,0.668097963,45.89556833797772,1.1648034288767906
22116.50669,52885.25122,257.9,0.646171433,46.01619407750744,1.147930514040324
22120.31142,52888.12068,257.9,0.636473515,46.1349215921069,1.1366328742642473
22124.17454,52890.97582,257.9,0.633477423,46.25311961238792,1.1519438022696926
22128.04183,52893.81616,257.9,0.621096343,46.37246774804232,1.1715827486148416
22131.909,52896.58338,257.9,0.59877559,46.49245239097512,1.1257301752471236
22135.86427,52899.28223,257.9,0.598775185,46.60824850506747,1.1378935687440797
22139.83635,52901.99254,257.9,0.586717014,46.72549959757251,1.1723546451928537
22143.78205,52904.61567,257.9,0.555716792,46.84422827090694,1.1448809448261088
22147.80592,52907.11449,257.9,0.540752953,46.9598495448988,1.1366579703629347
22151.90121,52909.57353,257.9,0.529978605,47.075330633399375,1.1232533857747968
22156.0281,52911.99143,257.9,0.529085137,47.18931959253699,1.1067545706747455
22160.2149,52914.4394,257.9,0.529084451,47.302930722353146,1.1091657125980552
22164.38737,52916.87899,257.9,0.520100526,47.41612793981449,1.154521031692681
22168.4829,52919.22448,257.9,0.48615349,47.53090531082962,1.089513447028422
22172.68349,52921.44431,257.9,0.481259603,47.63968570599417,1.0761789733865255
22176.94618,52923.67035,257.9,0.476204162,47.748195637995096,1.0994776111104758
22181.19768,52925.86326,257.9,0.458755932,47.85822189048743,1.1040526970655045
22185.4505,52927.96372,257.9,0.433704177,47.96752021951368,1.0595464386774007
22189.7823,52929.96982,257.9,0.431217688,48.072851681227256,1.087319282020085
22194.13215,52931.97118,257.9,0.413397953,48.18102969677489,1.0626711738751946
22198.51461,52933.89366,257.9,0.409635245,48.28646438384974,1.1011978833691398
22202.88114,52935.7896,257.9,0.381763503,48.39490544508373,1.0576489771890747
22207.31497,52937.5696,257.9,0.381763578,48.49920943761129,1.10822348224156
22211.75215,52939.35095,257.9,0.356199946,48.60834324329246,1.0730287287105442
22216.22637,52941.01567,257.9,0.356197009,48.71361262740886,1.0996326346514698
22220.72539,52942.68961,257.9,0.341558451,48.82185242712798,1.0892499782204121
22225.24124,52944.29495,257.9,0.338341841,48.92866420881867,1.1252123153458633
22229.75219,52945.88224,257.9,0.318116217,49.03851406154013,1.1046765681523674
22234.28817,52947.37593,257.9,0.311670742,49.14597458493299,1.1212738822362338
22238.8476,52948.84485,257.9,0.298744381,49.2551428420018,1.1169605446432167
22243.42355,52950.25406,257.9,0.291252816,49.36360165380143,1.152112151050147
22247.98406,52951.6212,257.9,0.264996705,49.474595794986215,1.1150318442300124
22252.59093,52952.87141,257.9,0.26354724,49.58206159508437,1.1542246123947488
22257.20907,52954.11749,257.9,0.242283648,49.69328758303112,1.1488943809788623
22261.82252,52955.25765,257.9,0.225759709,49.80303704417589,1.1466128192639942
22266.47776,52956.32685,257.9,0.216067292,49.912883808312,1.1430730709705963
22271.16958,52957.35666,257.9,0.212942025,50.02276971561576,1.1563479147390217
22275.86532,52958.37198,257.9,0.203649768,50.13370389638711,1.1797933876634943
22280.53821,52959.33699,257.9,0.184259674,50.24586568169871,1.173181406406336
22285.22103,52960.20975,257.9,0.171086429,50.356963909158615,1.1794491165064092
22289.92236,52961.02202,257.9,0.155326134,50.46858507407961,1.1734862662542676
22294.64545,52961.7616,257.9,0.146971735,50.57962158517714,1.1987918377946267
22299.36488,52962.46026,257.9,0.126337397,50.69257012472974,1.176542953524147
22304.10252,52963.06201,257.9,0.120361501,50.80329029167518,1.173994472402109
22308.86689,52963.63824,257.9,0.115323286,50.914069903693786,1.165802164473747
22313.66197,52964.19369,257.9,0.115322782,51.024479453028576,1.183321563115822
22318.44585,52964.74784,257.9,0.104660482,51.13604350845824,1.1748983963161204
22323.19986,52965.24722,257.9,0.0948992,51.24575460986358,1.158753347540936
22327.98132,52965.70234,257.9,0.092899483,51.354245349698665,1.1585329773999302
22332.77863,52966.14929,257.9,0.092897357,51.46282480813745,1.1571235467130665
22337.5771,52966.59635,257.9,0.092874247,51.57107012734937,1.1560476571177247
22342.39926,52967.04549,257.9,0.092880132,51.67952035811744,1.1584485425678734
22347.20184,52967.49284,257.9,0.092910028,51.78752818955194,1.164196785898933
22351.95951,52967.93615,257.9,0.092803482,51.89483393801271,1.169733986315039
22356.74854,52968.38188,257.9,0.092484368,52.003134464193415,1.1718237811667653
22361.61154,52968.83292,257.9,0.092538091,52.11307003907102,1.1771414012736434
22366.43541,52969.28058,257.9,0.092564282,52.2223862015263,1.1822657330029183
22371.2055,52969.72339,257.9,0.081867176,52.33072847560549,1.1845920042455413
22376.0212,52970.11852,257.9,0.08081101,52.439992018859854,1.183672463308957
22380.85026,52970.50961,257.9,0.082427485,52.54923636889637,1.1830773796783107
22385.66512,52970.90739,257.9,0.085112144,52.65789361311572,1.1855356137487136
22390.47982,52971.31817,257.9,0.089335966,52.766573040093945,1.1818238206630265
22395.27959,52971.74811,257.9,0.077886915,52.87439473711904,1.1784376936583818
22400.08116,52972.12285,257.9,0.07978713,52.98162638177412,1.1808295807094646
22404.90284,52972.50837,257.9,0.080561766,53.0893232133075,1.1774493651735813
22409.72941,52972.89806,257.9,0.08713946,53.19660993621424,1.1745340203715056
22414.54046,52973.31835,257.9,0.083539068,53.3031315685597,1.1768577245474137
22419.35434,52973.72143,257.9,0.089295023,53.40968067253603,1.168289970133794
22424.17089,52974.15268,257.9,0.079629784,53.51535540014742,1.1603401012486136
22428.99124,52974.53733,257.9,0.087451244,53.620101765408805,1.1626769406614335
22433.80323,52974.95922,257.9,0.094001116,53.72474119991828,1.1436149027898743
22438.58795,52975.41032,257.9,0.079343886,53.82694586202435,1.1258544554443086
22443.38026,52975.79136,257.9,0.069889868,53.92740531464161,1.127670908946974
22448.21361,52976.12972,257.9,0.085141036,54.028627400879714,1.0995331716219654
22453.03628,52976.54132,257.9,0.082208599,54.12704042612751,1.072605547862921
22457.85416,52976.93828,257.9,0.091497173,54.22275257712015,1.0745518339724571
22462.66616,52977.3798,257.9,0.073914617,54.31842987459092,0.6645765380815863
22467.48092,52977.73633,257.9,0.082215402,54.37746682670507,0.2778781644764127
22472.28789,52978.13243,257.9,0.066725124,54.402108937444574,0.2779466804938731
22477.09108,52978.4534,257.9,0.075204901,54.42669816554289,-0.890756324630739
22481.92656,52978.81774,257.9,0.096780937,54.347277631691775,-2.003264216296717
22486.75724,52979.28672,257.9,0.090989105,54.168084089484495,-1.9966878027646722
22491.56714,52979.72558,257.9,0.090820715,53.98975653678026,-3.3576103785224545
22496.37275,52980.16324,256.9390427,0.091623935,53.68882122583886,-4.607295963411136
22501.1563,52980.60276,255.965734,0.0624877,53.27499783597712,-4.569997112252586
22505.95408,52980.90295,254.9756069,0.061992668,52.86102497171278,-5.307927339106553
22510.80262,52981.20391,253.9673572,0.088271346,52.37096047892395,-6.0029112613102384
22515.62543,52981.63073,252.9479078,0.077663568,51.81302337004218,-5.938363603344742
22520.42477,52982.00421,251.9165686,0.070070633,51.25833207952603,-6.1589733418602695
22525.23444,52982.34178,250.8651959,0.068071994,50.67569048592613,-6.361115039275246
22530.05385,52982.67036,249.7953316,0.078852881,50.065653160211205,-6.284987178837877
22534.87725,52983.05149,248.7110313,0.077218519,49.45453093264072,-6.48446953104321
22539.68265,52983.4233,247.6158031,0.05816013,48.81847418641459,-6.663140501067718
22544.48835,52983.70311,246.497589,0.053270102,48.15696056011451,-6.570567217274699
22549.31036,52983.96022,245.3533724,0.057536614,47.49353804381045,-6.691251614808803
22554.12812,52984.23772,244.1954335,0.04558644,46.80871290584551,-6.796745606415957
22558.96441,52984.45835,243.0125056,0.059552632,46.100381388014334,-6.6962358445583225
22563.80034,52984.74668,241.8062483,0.074244301,45.39124470676317,-6.588603504563693
22568.61987,52985.10517,240.5834143,0.068067751,44.68424448953485,-6.479042491200381
22573.43129,52985.43317,239.3317755,0.036453578,43.97942941895815,-6.367909411074418
22578.26697,52985.60953,238.051651,0.052862877,43.27312010005724,-6.411939141428144
22583.10406,52985.86547,236.7283802,0.078155924,42.54933487296198,-6.4453504732959095
22587.92041,52986.24267,235.3860886,0.049839198,41.81111885054659,-6.327627771940562
22592.74907,52986.48352,234.008974,0.055641528,41.07293225556056,-6.594772311084542
22597.57721,52986.75244,232.5820605,0.069243212,40.28903192237615,-6.828575424258677
22602.3991,52987.08686,231.1167797,0.052470304,39.46130541736494,-6.682942092216485
22607.23124,52987.34064,229.601802,0.05851571,38.6331436801732,-6.885265703169129
22612.05547,52987.62325,228.0328676,0.062284415,37.76206677679336,-7.04798282406967
22616.87966,52987.92411,226.4142805,0.045316036,36.84887999780435,-6.870426600686039
22621.7155,52988.14341,224.7205702,0.062860341,35.934984321137975,-6.995574076847304
22626.53693,52988.44688,222.952773,0.058675129,34.981884833065635,-7.07422224818262
22631.36791,52988.73067,221.1143155,0.046236353,33.98916859862914,-6.867329832167972
22636.19848,52988.95417,219.1631858,0.058434249,32.99767220512365,-7.0102629740179605
22641.01712,52989.23607,217.1028101,0.05720619,31.95576616721947,-7.092284008431587
22645.85473,52989.51311,214.9049049,0.055559252,30.86161292992903,-6.84526178661705
22650.68322,52989.78165,212.5342643,0.05859067,29.76965638173132,-7.024412617043997
22655.50347,52990.0644,209.9549191,0.057348967,28.607642090886102,-7.1176767090497295
22660.33492,52990.34178,207.081152,0.055662546,27.377116972149626,-6.806657715278808
22665.15045,52990.61011,203.8154372,0.065820695,26.150516471654207,-6.990935496531596
22669.97272,52990.92797,199.9176155,0.062143881,24.824964071351584,-7.055985515884297
22674.8165,52991.22937,197.7258441,0.051277307,23.40494297151268,-6.633438789422277
22679.67198,52991.47856,197.7258441,0.040920869,21.983846773570576,-5.506234806507903
22684.48589,52991.67566,197.7258441,0.260005066,20.74203617012249,-4.527750407968363
22689.19006,52992.9271,197.7258441,0.151644425,19.650746699679647,-4.333227023286645
22693.99233,52993.66097,197.7258441,0.249707505,18.54858580030726,-2.300850412611874
22698.74259,52994.87244,197.7258441,0.339273349,17.93017227057171,-0.6626954071861342
22703.44521,52996.53208,197.7258441,0.446382683,17.744900780699645,-0.6478433572268693
22708.00841,52998.71604,197.7258441,0.573744249,17.55923555821446,0.37829016688032263
22711.93664,53001.25471,197.7258441,0.363768401,17.659711252536823,1.704304739128508
22715.32893,53002.54619,197.7258441,0.78403726,18.006610481590624,1.6612148241478029
22717.70007,53004.91088,197.7258441,0.795626658,18.31294558868337,1.5247358629562462
22720.47256,53007.74068,197.7258441,1.000185512,18.639872266126478,1.620370036918344
22723.01552,53011.70272,197.7258441,1.070908035,19.044735420616124,1.6211541250595638
22725.40854,53016.08426,197.7258441,1.082467467,19.46507051764645,1.3592247868998437
22727.77339,53020.53582,197.7258441,1.166205185,19.813932603432363,1.0235126042255116
22729.77785,53025.21676,200.3482246,0.922671149,20.07524588160106,1.086698072774564
22732.72352,53029.10673,202.6783319,0.894466672,20.33766043167232,0.8340718321443158
22735.40577,53032.44864,204.7675084,0.769716738,20.512648277492023,0.7904230666204489
22738.1114,53035.07071,206.6195609,0.862249799,20.657321191769483,0.6143607923067229
22740.78397,53038.18921,208.3104551,0.603243692,20.779107580068665,0.9349799932403281
22744.33827,53040.6378,210.047483,0.455017135,20.97241591431322,1.5503132182506374
22748.68685,53042.76538,211.9039664,0.459486929,21.327279024544648,1.5729158236869472
22753.14892,53044.97326,213.6817619,0.276668413,21.69133801985369,1.888254133153114
22757.84539,53046.30682,215.3452632,0.276565441,22.112249023925774,2.373426518392899
22762.52681,53047.6356,216.9132616,0.185260778,22.62855273587333,2.4155928349601523
22767.3396,53048.53756,218.3910604,0.225698108,23.145359751386707,2.4621716127462
22772.08016,53049.62604,219.8068008,0.235377319,23.65711900099826,2.493832609805593
22776.79914,53050.75776,221.1569633,0.240539841,24.16326482533514,2.5470909892191433
22781.5054,53051.91215,222.4514699,0.253750381,24.66877799629392,2.499229129483157
22786.19114,53053.12735,223.7034346,0.254394602,25.154421077022118,2.4107638107521043
22790.87415,53054.34507,224.9175354,0.238213399,25.61396158706265,2.452157536962923
22795.56868,53055.48501,226.089338,0.251970497,26.07235178651525,2.3874764807296565
22800.23762,53056.68699,227.226138,0.25935847,26.51015702556232,2.2818414497252224
22804.88474,53057.92004,228.3241697,0.279018184,26.9208147662297,2.3179311032756003
22809.49789,53059.24167,229.3877528,0.299525631,27.330871601048106,2.2927165079028593
22814.0904,53060.65991,230.4213935,0.307557004,27.731146370011725,2.2406617320777875
22818.6708,53062.11481,231.433366,0.312395487,28.11678020232093,2.2713375499858905
22823.26644,53063.59907,232.4289725,0.308831679,28.50423905854353,2.226656821157048
22827.87316,53065.06879,233.3965011,0.312240241,28.879501204676536,2.1456053427163204
22832.47188,53066.55326,234.3523983,0.314389822,29.236318882520987,2.171995520310769
22837.05344,53068.04307,235.2891551,0.322052335,29.59206623558933,2.141331886414377
22841.62882,53069.56972,236.2082753,0.325950214,29.939058030764684,2.0825938461406417
22846.2146,53071.11975,237.1087167,0.328061481,30.273907007001227,2.105657114509172
22850.79193,53072.67769,237.9952603,0.331929647,30.608364511417232,2.071563434176775
22855.36287,53074.25321,238.8709315,0.328250405,30.93385470583344,2.011149226460635
22859.93782,53075.8113,239.7353079,0.324210009,31.246489455970785,2.0316352921714054
22864.51994,53077.35121,240.5892972,0.320405673,31.55922656248548,2.007050166501868
22869.10849,53078.87388,241.4266173,0.322915452,31.865205682732206,1.9614701057871111
22873.69157,53080.40751,242.2516573,0.331559109,32.16131834451355,1.9790471588402607
22878.26301,53081.9813,243.0723489,0.321724056,32.45746175000925,1.9523341366383857
22882.84823,53083.50957,243.8820201,0.318696172,32.74689111699227,1.9046620041671842
22887.43866,53085.02415,244.2829399,0.32649479,33.026845702436304,1.9204796826340862
22892.01677,53086.57437,244.6817391,0.32485613,33.306720579069214,1.898716211484306
22896.5984,53088.1174,245.0801192,0.321039602,33.58118934064415,1.8606037015246497
22901.17953,53089.64083,245.4770083,0.320613264,33.84762176011753,1.8754231267442754
22905.76216,53091.16258,245.8708137,0.325429281,34.114119692332245,1.8521828811859764
22910.35079,53092.7109,246.2640598,0.32870177,34.37604843930907,1.812789267458069
22914.93082,53094.27304,246.6568633,0.322509035,34.630294088094054,1.8266197882744666
22919.50987,53095.80325,247.0472847,0.317387851,34.8840218400856,1.8064076092792425
22924.09582,53097.3097,245.8701115,0.327302768,35.13309249828031,1.7711204409232406
22928.66995,53098.86268,244.6617543,0.311329583,35.37577183733412,1.7841077110955057
22933.26981,53100.34289,243.4303123,0.316622347,35.618638483350765,1.7609336134247193
22937.87373,53101.85134,242.1766328,0.319395996,35.85735540521205,1.723778050747592
22942.45818,53103.3675,240.8938168,0.316662625,36.08873786381787,1.7353355794430378
22947.03707,53104.86795,239.5898529,0.32129562,36.31969576555054,1.5877209747308738
22951.63601,53106.39862,238.266739,0.331692371,36.53096767257682,1.375698824405804
22956.19565,53107.96903,236.8911393,0.312068338,36.71212624946126,1.3834490415536336
22960.78612,53109.44996,235.4952603,0.317247305,36.893443580496026,0.5578210227570767
22965.39848,53110.96436,234.0712393,0.32846371,36.96677143260584,-0.5952475557864347
22969.96965,53112.52227,232.6011735,0.321607382,36.88892605537714,-0.5942771458450422
22974.54616,53114.04704,231.098428,0.322498958,36.81113252528294,-1.9970529807006931
22979.15322,53115.58656,229.5437239,0.325491889,36.54665761938618,-3.884037618499358
22983.74561,53117.13647,227.9440769,0.314840146,36.027867514838306,-3.830838194192666
22988.32765,53118.62872,226.3081827,0.321373644,35.51177696354639,-4.520614394726581
22992.90093,53120.15123,224.6264627,0.322270587,34.89279419020824,-5.436316455940389
22997.46965,53121.67677,222.8954657,0.316836098,34.1341034097225,-5.313064365925092
23002.08914,53123.19142,221.1185207,0.321672756,33.36882453960708,-4.972025614764631
23006.6549,53124.71295,219.2814635,0.319002838,32.64386018479829,-4.568873576009226
23011.20504,53126.21578,217.3829039,0.313910265,31.96614567328165,-4.47067738281115
23015.81433,53127.71216,215.4019822,0.116486778,31.28104457010615,-3.811664730460478
23020.65471,53128.27856,215.4019822,0.097024518,30.681462949433374,-2.9715573345520108
23025.66711,53128.76642,215.4019822,0.064760178,30.1897686768435,-2.9818275197228483
23030.59661,53129.0861,215.4019822,0.023090682,29.697854177101405,-2.5863918198372495
23035.56716,53129.2009,215.4019822,-0.044530162,29.261649069982667,-2.0732353393932916
23040.48879,53128.9816,215.4019822,-0.062211022,28.910490533802268,-2.0845305714414195
23045.12063,53128.69307,215.4019822,-0.100074084,28.573914836314486,-1.909750366489578
23049.89325,53128.21385,215.4019822,-0.175292067,28.25151180785396,-1.5330201276288393
23054.49005,53127.39972,215.4019822,-0.228487048,27.99704641176366,-1.5852990575002552
23059.06056,53126.33685,215.4019822,-0.185296401,27.73006812359068,-1.3018362649955968
23063.59805,53125.48632,215.4019822,-0.265444454,27.512484132610265,-0.9107165468877972
23068.07815,53124.26836,215.4019822,-0.529521356,27.358369909297032,-0.9038509586107504
23072.11563,53121.90533,215.4019822,-0.38544316,27.203376448720466,-0.5625488136189429
23076.3845,53120.17328,215.4019822,-0.436933865,27.107941863244893,-0.07156815342582344
23080.52975,53118.23728,215.4019822,-0.521641971,27.095860469139527,-0.07015459393901177
23084.46663,53115.97458,215.4019822,-0.594304152,27.08410122293406,0.2109017011416002
23088.28221,53113.39598,215.4019822,-0.624435949,27.11993780093039,0.6123881988077634
23092.04598,53110.68371,215.4019822,-0.699066803,27.224493290639632,0.6596976927349129
23095.52719,53107.75708,215.4019822,-0.795324581,27.33447638149405,0.8674820026936271
23098.69372,53104.52705,215.4019822,-0.85169463,27.47765121535984,1.2169102652239852
23101.71589,53101.07504,215.4019822,-0.801407547,27.6800961375764,1.178587851954651
23104.95542,53097.73009,215.4019822,-0.858816759,27.87766085693542,1.360338498669618
23108.0293,53094.16813,215.4019822,-0.814936927,28.10630800597633,1.6005301804506904
23111.33789,53090.65807,215.4019822,-1.049698629,28.379662463915903,1.5976863889467927
23113.67193,53086.59194,215.4019822,-1.051247557,28.642389010001345,1.6618297324597056
23116.05157,53082.43146,215.4019822,-1.073456977,28.91913814164293,1.7000108403976637
23118.37381,53078.1536,216.8544081,-1.121645444,29.203874248699936,1.6495504193576065
23120.50645,53073.72912,218.2393349,-1.194598382,29.479997564732557,1.6208022485518778
23122.32593,53069.12297,219.5626244,-1.24425837,29.751037962233173,1.6013968293908574
23123.89902,53064.47797,220.826881,-1.414358363,30.013850536055628,1.6402496991475632
23124.65482,53059.68613,222.0494268,-1.406388645,30.277800194964804,1.6644634266712428
23125.4397,53054.95522,223.2336141,-1.410600872,30.540289869019432,1.6609524930101116
23126.21605,53050.15048,224.390209,-1.410183186,30.80385052009523,1.658007028751609
23126.99771,53045.32568,225.5209474,-1.430319145,31.06581585263385,1.7324441798491654
23127.669,53040.57849,226.6234301,-1.430776735,31.33204489689348,1.8232131993006875
23128.34278,53035.79793,227.7049383,-1.482719129,31.611727020399154,1.8415647667686554
23128.76908,53030.97038,228.7620625,-1.482178689,31.89280432525481,1.8730005299678503
23129.19664,53026.15827,229.7973816,-1.477893738,32.17527234613206,1.9153492945119164
23129.6442,53021.35457,230.8134483,-1.468567996,32.461197961843,1.9321916711624831
23130.13669,53016.55384,231.8139734,-1.479050785,32.747192222101994,1.9150110088612464
23130.57984,53011.73724,232.7939427,-1.479770073,33.028838862107754,1.8726075802052844
23131.01856,53006.93077,233.7558723,-1.479291405,33.30135573778799,1.887855839928156
23131.4568,53002.15498,234.7016434,-1.48825932,33.57213218450979,1.872935681922068
23131.85403,52997.35311,235.6292973,-1.482040895,33.839868311505086,1.8347166165319708
23132.28605,52992.49837,236.5422589,-1.471382352,34.10309705176069,1.8488425798903754
23132.76689,52987.67754,237.442303,-1.471744877,34.36474343210258,1.8346840457275702
23133.2453,52982.86345,238.326339,-1.481608842,34.622063361598634,1.8003607195519162
23133.67395,52978.07,239.1971771,-1.489684799,34.87142129264399,1.812826404120819
23134.06097,52973.30911,240.0518078,-1.484172587,35.11885956848942,1.7988518869068295
23134.48002,52968.48359,240.8943284,-1.481987518,35.36609148613735,1.7625437960313701
23134.91323,52963.61837,241.7260405,-1.458195486,35.608687251307686,1.7742391969268838
23135.45508,52958.82664,242.5476052,-1.488155164,35.848156506798375,1.7612846901199584
23135.85012,52954.05739,243.3552641,-1.484258643,36.08251477050109,1.7288520119933157
23136.26992,52949.21833,243.7550216,-1.47084236,36.31449784641045,1.739864199394537
23136.75136,52944.4178,244.1529598,-1.484549572,36.54491880235623,1.5866443732702824
23137.16733,52939.60673,242.9543858,-1.471363931,36.75397886319699,1.3053775274872506
23137.6475,52934.79351,241.7288407,-1.478714084,36.92537713018319,1.3114393207416006
23138.08972,52930.00479,240.4788233,-1.488367706,37.095783447687936,0.5404103158052891
23138.48862,52925.17634,239.2018701,-1.481900168,37.166296787194185,-0.8337202925744392
23138.91774,52920.36184,237.8946903,-1.480623291,37.05771038935404,-0.8312828053217555
23139.35217,52915.55722,236.5547728,-1.477512963,36.949334450218245,-2.1093176823089874
23139.80479,52910.71919,235.1814995,-1.472900308,36.67089183607448,-4.298279918761145
23140.27252,52905.95662,233.7694625,-1.48649363,36.10561756781421,-4.230695315917542
23140.67783,52901.16022,232.3183768,-1.481185162,35.53711809942375,-5.054554636910874
23141.11598,52896.28377,230.8227,-1.473657021,34.83377111178005,-6.49133524878094
23141.58098,52891.512,229.2778882,-1.492129563,33.92856971604445,-6.318524715339039
23141.95676,52886.74498,227.6809656,-1.478466893,33.02604874271663,-6.441923962062783
23142.40483,52881.90578,226.0241896,-1.488969799,32.064087218990224,-6.772824677822484
23142.80097,52877.07547,224.3001485,-1.483490568,31.023480416594268,-6.550041668934674
23143.22199,52872.26535,222.500825,-1.470511094,29.98670453887456,-6.067057008380558
23143.70527,52867.4624,220.6143495,-1.483489038,28.99359615844937,-5.407248187680823
23144.12839,52862.62844,218.6270158,-1.583183634,28.07404307520087,-5.206311097602997
23144.06852,52857.79572,216.5207745,-1.480609974,27.162966437645505,-4.3159701940756126
23144.50087,52853.01469,214.2713131,-1.510502931,26.38917921212777,-2.844224367575033
23144.79627,52848.12136,211.843196,-1.620936189,25.85541816794857,-2.759108985567809
23144.54967,52843.20712,209.1873832,-1.659451233,25.324902366303125,-1.91259375357206
23144.1176,52838.3464,206.2238886,-1.715926055,24.95364106608832,-0.5676810086550651
23143.40581,52833.47637,202.810742,-1.746626575,24.8414212505454,-0.5720122367015215
23142.52432,52828.51482,202.810742,-1.754852042,24.725112510980814,-0.1491388142871191
23141.64381,52823.78506,202.810742,-1.849626153,24.69607597590456,0.6272681530970822
23140.36181,52819.30705,202.810742,-1.979035345,24.81410248310166,0.6783477322275456
23138.59653,52815.22584,202.810742,-1.89735565,24.93536444984717,1.0384767455227353
23137.22756,52811.18382,202.810742,-2.03519919,25.11246519875579,1.4227037486835123
23135.34853,52807.43286,202.810742,-2.184055932,25.349027925821947,1.3295466341256947
23132.88092,52803.92663,202.810742,-2.313153042,25.57291746359723,1.8017672003377865
23130.01203,52800.7995,202.810742,-2.254606618,25.87018807924833,1.7903226833141717
23127.16091,52797.30112,202.810742,-2.215690359,26.18064617417081,1.5913062713857191
23124.17443,52793.33068,204.6634861,-2.270164646,26.480903163873016,1.6814120803735724
23120.93756,52789.48281,206.3803016,-2.366197114,26.798272283710368,1.8802500311415884
23117.37611,52785.9919,208.0559884,-2.361764054,27.14592216663676,1.9027757851799723
23113.82139,52782.47656,209.6601769,-2.640533959,27.49411630323213,1.978306867320692
23109.60574,52780.16774,211.2153746,-2.627612872,27.83781347704285,1.9874170162133264
23105.38503,52777.78475,212.7223281,-2.624574271,28.181726811462987,2.0121160994011924
23101.1866,52775.39748,214.1989116,-2.646935273,28.524472060757613,2.043009848410771
23096.95959,52773.1175,215.6349114,-2.640857761,28.86640661802949,2.090747537733876
23092.70421,52770.7887,217.014647,-2.630522166,29.215639493150235,2.116306176806494
23088.47885,52768.41928,218.3668898,-2.636514417,29.564470002915392,2.11232305924516
23084.23623,52766.07347,219.6949991,-2.627744092,29.908841045676727,2.071276918934082
23080.03694,52763.7033,220.9808785,-2.634975731,30.24093570573693,2.0925900181928463
23075.83851,52761.37348,222.2438864,-2.636855504,30.571384342878414,2.0773346517311575
23071.59176,52759.02728,223.4703725,-2.624643863,30.89930393962629,2.0101489422714836
23067.37729,52756.63128,224.6577435,-2.62965431,31.21309289518331,2.030147947755063
23063.16654,52754.26523,225.8347978,-2.628692103,31.52567643356855,2.0130672184262712
23058.96453,52751.89877,226.969849,-2.625832,31.83213035246047,1.9475819905040461
23054.77417,52749.52306,228.0810114,-2.637977359,32.12549418190464,1.96517490451712
23050.53653,52747.1881,229.1726672,-2.643980447,32.42011388831232,1.9505013566341414
23046.28183,52744.87692,230.232679,-2.628479653,32.710121697130894,1.8942384503726004
23042.08611,52742.51283,231.2671921,-2.645972104,32.987831464467234,1.9095855869372795
23037.83119,52740.21249,232.2920568,-2.629552652,33.26665139245429,1.9002732847237216
23033.61704,52737.84398,233.2872794,-2.642615421,33.54165269107163,1.8548206899622617
23029.37829,52735.53396,234.2720765,-2.640195243,33.80754588458744,1.8696603045830886
23025.14001,52733.21088,235.2302989,-2.63801003,34.073787620399905,1.8585286259804885
23020.90473,52730.87739,236.1765578,-2.631470679,34.33652729675753,1.814000291975019
23016.68205,52728.51472,237.1053849,-2.626588238,34.59121268525045,1.8275630444557598
23012.47722,52726.13501,238.0237291,-2.641916754,34.845542340404606,1.8149576423633356
23008.23941,52723.82166,238.9246667,-2.639688682,35.096117194462295,1.7711753990829795
23003.9997,52721.49501,239.8090605,-2.625949117,35.339338087607686,1.7839359902923557
22999.79786,52719.11345,240.6744664,-2.632506381,35.58231361965721,1.7701682769376421
22995.58054,52716.75951,241.5361152,-2.631426156,35.82178256744532,1.724001946017933
22991.36253,52714.39921,242.3804464,-2.633250754,36.05365443666427,1.7349944992211634
22987.14234,52712.04779,243.2105725,-2.635780385,36.28539289121567,1.7284643567809643
22982.9141,52709.70587,243.6215728,-2.630835833,36.51491146758624,1.6999398194922648
22978.69914,52707.34401,244.0293267,-2.638776126,36.73915604573484,1.7099959845332635
22974.46371,52705.01467,244.4317845,-2.643455046,36.96345242292157,1.7023260187994271
22970.21565,52702.70421,244.8312546,-2.639034615,37.1854914854818,1.6725983233782151
22965.98183,52700.37718,245.2271314,-2.625106537,37.40216603659723,1.6828574304754043
22961.78275,52697.9925,245.6209712,-2.634289459,37.61881135006067,1.6736848550919277
22957.56305,52695.64709,246.0167749,-2.634866414,37.8329896891286,1.6417130715225572
22953.33679,52693.30123,246.4050187,-2.629396834,38.04216208464241,1.6511013801626095
22949.12136,52690.93112,246.7909774,-2.629917302,38.251479407002776,1.641244969882554
22944.91035,52688.56638,247.1763402,-2.642287624,38.45814142911839,1.6081701615468738
22940.6619,52686.24928,247.5563977,-2.643595587,38.65997021341656,1.6165369369799383
22936.41915,52683.94248,247.9348894,-2.632995385,38.86137953239543,1.609386208802563
22932.21444,52681.59828,248.3105608,-2.63277835,39.06023652999302,1.5825392995477139
22927.98991,52679.24182,248.6840936,-2.635981456,39.25573258359508,1.5903837846480953
22923.75326,52676.89636,249.0530019,-2.632163722,39.45143340838292,1.587730288572973
22919.52758,52674.53585,249.4189814,-2.634214101,39.64575309853175,1.5709790429670278
22915.3137,52672.19327,249.7865937,-2.63059996,39.83633904843292,1.5785272197593931
22911.10722,52669.83485,250.146735,-2.634345193,40.0269764119791,1.5729186856292117
22906.87927,52667.48517,250.5095296,-2.634187684,40.21660418591853,1.5510101354331005
22902.65058,52665.13419,250.8674965,-2.637577342,40.40276829794208,1.5583778458544912
22898.40892,52662.79481,251.2227164,-2.63494443,40.58917668947167,1.5511594622945193
22894.19124,52660.45414,251.577174,-2.640708668,40.773100845626935,1.5271920428012564
22889.95028,52658.13241,251.928353,-2.631517106,40.953795513826,1.5343634105206105
22885.73353,52655.77333,252.2776323,-2.641526015,41.13442384008683,1.5244086954861151
22881.49722,52653.45864,252.6263705,-2.633903706,41.31293728649344,1.495717897858309
22877.27419,52651.10926,252.9705686,-2.635881272,41.48752896171849,1.502582268496485
22873.0289,52648.75846,253.3129522,-2.647701043,41.662912007508346,1.4930185934579747
22868.78024,52646.471,253.6528939,-2.637889217,41.835472774693336,1.4668361256469278
22864.56106,52644.14572,253.9896765,-2.640262035,42.0040447934974,1.4734593074489724
22860.30216,52641.81171,254.3250547,-2.651887089,42.17406266858662,1.4661160625969545
22856.04233,52639.54118,254.6566597,-2.631851823,42.34153883451425,1.4453435245134079
22851.85557,52637.2007,254.9855229,-2.617062127,42.50495512211469,1.4514462157646824
22847.68869,52634.78977,255.3155517,-2.616006736,42.669028560946245,1.4462742097129715
22843.53095,52632.37827,255.6447085,-2.606430991,42.83163479961522,1.4272499369878544
22839.38692,52629.92139,255.9726601,-2.616738995,42.99186865631173,1.4326353195968784
22835.20933,52627.50246,256.2994781,-2.610115395,43.15243314095117,1.4360673431373248
22831.06553,52625.06631,256.6228004,-2.601741497,43.31210495901183,1.4142204695300438
22826.94509,52622.59723,256.9459314,-2.598448793,43.468667780458446,1.43718631188943
22822.83968,52620.11874,257.2661956,-2.591839691,43.62693293696295,1.4156800039905495
22818.75392,52617.61513,257.5867179,-2.586321538,43.782149705747145,1.4218271039480768
22814.67717,52615.08599,257.9,-2.57094841,43.93767395276756,1.4083833165735238
22810.64976,52612.50089,257.9,-2.561918076,44.09080797589801,1.3946218483350452
22806.61506,52609.85936,257.9,-2.571424193,44.243083860649904,1.406031767204212
22802.5584,52607.2582,257.9,-2.564559327,44.39596529456656,1.3989572290339547
22798.54198,52604.64376,257.9,-2.558147577,44.546721647999135,1.4023675317074804
22794.53044,52601.99573,257.9,-2.549769805,44.69778488600552,1.3923129301298864
22790.54597,52599.31738,257.9,-2.533270085,44.84708408082422,1.3985998385881087
22786.60904,52596.5756,257.9,-2.525551458,44.99645252936936,1.3763282673348298
22782.68575,52593.79811,257.9,-2.520796617,45.143245232834126,1.3769060434936087
22778.7617,52590.99198,257.9,-2.517166975,45.29014710004133,1.3872266241498505
22774.86318,52588.18265,257.9,-2.504828528,45.4370935622153,1.3787869703795124
22771.00419,52585.32884,257.9,-2.494512964,45.582504180982006,1.3692225740000685
22767.17392,52582.43466,257.9,-2.486195844,45.72648347461431,1.3579272844368373
22763.35706,52579.50043,257.9,-2.47544692,45.8692316322777,1.3860768654545559
22759.56169,52576.51727,257.9,-2.467258996,46.01487572133148,1.3552752568973878
22755.83045,52573.53477,257.9,-2.462758271,46.15535118693476,1.359593647615767
22752.07946,52570.50871,257.9,-2.454450678,46.29709918367567,1.353549539720076
22748.34917,52567.44784,257.9,-2.450237755,46.43795957451356,1.3507372821610861
22744.63206,52564.37151,257.9,-2.442076156,46.57809279970664,1.3454972794233735
22740.96441,52561.28532,257.9,-2.438149444,46.71635274211757,1.3406945549672267
22737.2721,52558.15354,257.9,-2.442587343,46.855094249161496,1.321907462529575
22733.58122,52555.05102,257.9,-2.43152752,46.99092874717041,1.3259276298351106
22729.92448,52551.90754,257.9,-2.439216154,47.1267975919325,1.3252262105403745
22726.21976,52548.77202,257.9,-2.44421499,47.26308300264884,1.3176252740541452
22722.50343,52545.65841,257.9,-2.448847849,47.39805279295389,1.3212265485428418
22718.79626,52542.5816,257.9,-2.441889294,47.53215601038289,1.3051379860870245
22715.11024,52539.47878,257.9,-2.442845885,47.6642682277677,1.2572946618567085
22711.40671,52536.36726,257.9,-2.437063975,47.791692017891066,1.2607566621726412
22707.72898,52533.24098,257.9,-2.44866835,47.918858635029736,1.2271042824898943
22703.99248,52530.13869,257.9,-2.45322754,48.04306284685004,1.1369769277802926
22700.27317,52527.07923,257.9,-2.437055907,48.15690168763842,1.1400384150313916
22696.61451,52523.96909,257.9,-2.437424306,48.27044649251209,1.1532061732560532
22692.91484,52520.82644,257.9,-2.444456528,48.386278240221465,1.1830135397910133
22689.20993,52517.72394,257.9,-2.441028008,48.504282862640224,1.1859098327504123
22685.55031,52514.63795,257.9,-2.42408891,48.62118417868156,1.2046715976636486
22681.89569,52511.44871,257.9,-2.452132039,48.74121569144577,1.2488514732102862
22678.12571,52508.34062,257.9,-2.452489719,48.86624476781131,1.2515814923611361
22674.4234,52505.29055,257.9,-2.435687933,48.98895020282405,1.2405976393226044
22670.76988,52502.17617,257.9,-2.43809123,49.1103750340092,1.2037802889637963
22667.0624,52499.03115,257.9,-2.440788996,49.22940056686718,1.2066253960486182
22663.39432,52495.93652,257.9,-2.437136106,49.34688803300161,1.213983954871532
22659.71394,52492.80844,257.9,-2.440011322,49.46557126411854,1.2287154693344213
22656.00734,52489.67637,257.9,-2.438975026,49.58596502990058,1.2317212743975816
22652.32643,52486.55948,257.9,-2.446410607,49.70563166728659,1.239904696901676
22648.59236,52483.44495,257.9,-2.447621317,49.826778025278834,1.2569524375060805
22644.90242,52480.37479,257.9,-2.434114761,49.94772221982567,1.260570077095672
22641.23981,52477.2427,257.9,-2.443859117,50.06920047787774,1.2585706326276893
22637.53539,52474.13684,257.9,-2.433428049,50.19056781669152,1.2486503515186322
22633.86216,52470.99129,257.9,-2.449097784,50.310735410261046,1.2512322757953491
22630.13204,52467.89702,257.9,-2.440520785,50.43112357258416,1.2497303320160258
22626.4711,52464.80674,257.9,-2.432539628,50.5497060700504,1.2399894829244855
22622.80357,52461.66042,257.9,-2.436839797,50.668101652232906,1.2428320112732283
22619.11948,52458.5273,257.9,-2.435046346,50.78659002825317,1.2405232837941853
22615.43967,52455.38642,257.9,-2.442083191,50.90462651327287,1.2289119144817318
22611.73946,52452.2729,257.9,-2.441090988,51.02123770743898,1.2317458007718673
22608.04537,52449.15823,257.9,-2.441035051,51.13775607558141,1.2299976022732615
22604.35263,52446.04435,257.9,-2.439493344,51.25380775821411,1.2203940627732874
22600.67101,52442.93013,257.9,-2.44062586,51.36849759508616,1.2231050140664907
22596.97466,52439.81063,257.9,-2.441289734,51.48353411689144,1.2208556228671117
22593.27547,52436.69292,257.9,-2.44736473,51.5981273764359,1.2098541452768972
22589.56606,52433.60496,257.9,-2.439563856,51.711173842919166,1.2126333341687823
22585.90014,52430.50446,257.9,-2.434795994,51.8236416031551,1.2101140027946216
22582.21917,52427.361,257.9,-2.439990953,51.93654833387978,1.1977144524487848
22578.51969,52424.23484,257.9,-2.439412305,52.04812386713857,1.2002705034127994
22574.84329,52421.12452,257.9,-2.435254753,52.15905716540491,1.198648755834613
22571.16585,52417.98699,257.9,-2.436569074,52.27002779995579,1.1891250477034911
22567.48529,52414.85517,257.9,-2.435653518,52.37985427052721,1.191625929124575
22563.81076,52411.72266,257.9,-2.440589217,52.48958714002496,1.1921742249774925
22560.11124,52408.60024,257.9,-2.441119588,52.59942542396062,1.1894367122100813
22556.4183,52405.48674,257.9,-2.441124605,52.70854010638771,1.1919012817368972
22552.72535,52402.37325,257.9,-2.44112811,52.81765478877758,1.1902689817371528
22549.03239,52399.25978,257.9,-2.441130716,52.92639542963097,1.181189566583182
22545.3394,52396.1463,257.9,-2.441230219,53.034086831532655,1.1835175822476158
22541.66603,52393.04999,257.9,-2.436797792,53.14119104847078,1.1824675950662353
22537.97655,52389.91201,257.9,-2.442841535,53.24885607872756,1.1743438087040472
22534.25238,52386.78313,257.9,-2.442632308,53.356020205422034,1.1767884329426521
22530.56712,52383.68562,257.9,-2.441196472,53.46209202209654,1.1766374466739673
22526.88006,52380.57755,257.9,-2.440833316,53.56811985329798,1.1717952912705916
22523.19386,52377.46792,257.9,-2.440263038,53.673510797856125,1.1741174160251113
22519.50342,52374.35111,257.9,-2.441140605,53.779075292434605,1.171862832011063
22515.81066,52371.23789,257.9,-2.440272282,53.88421907353136,1.1609445451883234
22512.13131,52368.1305,257.9,-2.439907528,53.98788007101752,1.1632319787525722
22508.42998,52365.00224,257.9,-2.424171569,54.09219677725085,1.161305784551311
22504.77314,52361.81159,257.9,-2.424459362,54.19628818908612,1.151306060085183
22501.14518,52358.64798,257.9,-2.422531491,54.29844798746476,1.153456929874383
22497.52652,52355.48017,257.9,-2.422413034,54.40051635372731,1.1524605204436384
22493.89567,52352.30093,257.9,-2.422337776,54.50265878935454,1.1453075093670912
22490.24522,52349.10404,257.9,-2.424404571,54.60453113282621,1.1474171645260198
22486.59295,52345.91889,257.9,-2.424145246,54.706267606305126,1.146100412982833
22482.95778,52342.74698,257.9,-2.42358972,54.80724733817942,1.1382464335246585
22479.33918,52339.58599,257.9,-2.425159116,54.90694362846824,1.1403495914400623
22475.68703,52336.40578,257.9,-2.438940394,55.00742900517076,1.1392544990078874
22471.96829,52333.25662,257.9,-2.436348939,55.10826113294336,1.1333915523042346
22468.3061,52330.13904,257.9,-2.422685268,55.20708700930465,1.1355400547480334
22464.6936,52326.9776,257.9,-2.424280085,55.30573921434283,1.0223668205063552
22461.05978,52323.80773,257.9,-2.421572644,55.39480766352324,0.6792007777596643
22457.43875,52320.63171,257.9,-2.415108986,55.45383213026358,0.6798836743161489
22453.83434,52317.42882,257.9,-2.412319623,55.51291829414782,0.26677100781015567
22450.22053,52314.19948,256.927926,-2.420133683,55.53620343748428,-0.9902560082318282
22446.58483,52311.00133,255.9428116,-2.42351608,55.44979660426954,-0.9887134835903852
22442.94163,52307.81838,254.9445066,-2.424993978,55.36346805129383,-1.650940314053263
22439.30767,52304.65295,253.9323126,-2.419869475,55.21956949398155,-3.6287619538263747
22435.68371,52301.46342,252.9067594,-2.422193707,54.901403283075,-3.607706459139745
22432.03636,52298.26833,251.865985,-2.43205533,54.58184055295554,-4.153069739179836
22428.37884,52295.12752,250.8092591,-2.423525968,54.21377439759816,-5.804785288311665
22424.76079,52291.96661,249.7374741,-2.419367527,53.6968999524772,-5.7487235611322065
22421.14841,52288.78406,248.6495793,-2.408354983,53.17898449793197,-5.957499743251443
22417.54136,52285.53495,247.5444173,-2.42427502,52.632322427153,-6.70543241154898
22413.88864,52282.34856,246.4193691,-2.427390766,52.011115025627966,-6.62611133041939
22410.25751,52279.20087,245.2750788,-2.422179859,51.39525481002365,-6.661789669546824
22406.63252,52276.02528,244.1113585,-2.422741873,50.76674992165089,-6.93589825912838
22402.97706,52272.82662,242.9256135,-2.430443332,50.09873029688136,-6.843627524575108
22399.30579,52269.66371,241.7138407,-2.424429527,49.43234212292529,-6.844570032985217
22395.68202,52266.50356,240.4786058,-2.423291301,48.76204547856899,-7.028521607813721
22392.04896,52263.32802,239.2170654,-2.422872997,48.06150356664623,-6.92673378275947
22388.40881,52260.1436,237.9264972,-2.425952214,47.35933444309133,-6.906272117219325
22384.7494,52256.96217,236.6051739,-2.432849083,46.64686017405847,-7.045592907708444
22381.07367,52253.81079,235.2478839,-2.424090958,45.90973843753442,-6.934995283608338
22377.46668,52250.66312,233.8543708,-2.410241593,45.18079605993567,-6.907013117963205
22373.87935,52247.44402,232.429637,-2.418293611,44.43784374400646,-7.055636254905812
22370.23799,52244.22898,230.957757,-2.425425718,43.65976940757646,-6.931464721563153
22366.59448,52241.05801,229.4370091,-2.424512296,42.88607731147192,-6.90158795918443
22362.95117,52237.88135,227.864318,-2.426040538,42.10100830667904,-7.059835189691669
22359.3053,52234.71225,226.2335683,-2.423940073,41.28301290278874,-6.921703832511766
22355.67841,52231.54626,224.5374191,-2.423112695,40.46776926198997,-6.886801185557956
22352.03858,52228.36365,222.7685487,-2.427809252,39.63640721225397,-7.06133521462938
22348.37132,52225.18733,220.9102688,-2.4272376,38.76245020638124,-6.904695520377073
22344.72512,52222.0256,218.9525219,-2.430213054,37.89303292169876,-6.836965221926485
22341.06904,52218.87432,216.8775145,-2.43350518,37.01190810067654,-6.944280110955338
22337.3908,52215.72497,214.658346,-2.431488516,36.09194905651521,-6.769714669868765
22333.72817,52212.57618,212.2644151,-2.427129168,35.17431122122131,-6.593822497198399
22330.09511,52209.42516,209.6487934,-2.418363395,34.26091988076376,-6.412758081953136
22326.49425,52206.24632,208.3329197,-2.414032363,33.34975955917101,-6.239379031059953
22322.88084,52203.02847,208.3329197,-2.383915773,32.431893612478895,-5.862455871992656
22319.36292,52199.70037,208.3329197,-2.383837738,31.54436826796984,-5.079799709349167
22315.85839,52196.38443,208.3329197,-2.384070188,30.75761239480516,-4.951362985008351
22312.34171,52193.05854,208.3329197,-2.384823025,29.968291167373472,-4.489333153900452
22308.81206,52189.72541,208.3329197,-2.290235709,29.23199748571365,-3.320569071876063
22305.60352,52186.06302,208.3329197,-2.134281166,28.673568308106887,-3.1502654207085032
22302.92192,52181.81874,208.3329197,-2.135073394,28.11657938568281,-2.8284387037145464
22300.20376,52177.52413,208.3329197,-2.096758179,27.600558160968788,-1.928125774583028
22297.70894,52173.22645,208.3329197,-2.128120813,27.25119901463007,-2.14873931274213
22295.20995,52169.2167,208.3329197,-1.968873176,26.87607549570753,-2.282881302567337
22293.54744,52165.26332,208.3329197,-2.005308711,26.509284009946583,-1.5526748247993998
22291.88433,52161.67977,208.3329197,-1.807477439,26.27687078048268,-1.3310187213594202
22290.93746,52157.75413,208.3329197,-1.615550628,26.071517945725624,-1.0157188192220428
22290.74619,52153.48309,208.3329197,-1.808044622,25.904420484809734,-0.31288215636822475
22289.6507,52148.95258,208.3329197,-1.762306592,25.848061171468423,-0.31099128235425083
22288.72178,52144.16156,208.3329197,-1.650385234,25.789277630353364,-0.1814354886778883
22288.33221,52139.27698,208.3329197,-1.646399823,25.75478091693701,0.5753182984095548
22287.96126,52134.37996,208.3329197,-1.647582185,25.864252812508468,0.5778621245154436
22287.58425,52129.47967,208.3329197,-1.658497203,25.973827098027847,0.6916951673901603
22287.15423,52124.58897,208.3329197,-1.650143209,26.10424378997832,1.0361803711399633
22286.76809,52119.73263,208.3329197,-1.481589301,26.296908485816697,1.0300308979370143
22287.20087,52114.89401,208.3329197,-1.521165217,26.48650683349123,0.7942654085006551
22287.43784,52110.12335,208.3329197,-1.551202894,26.629358386877858,0.16348063199574434
22287.52991,52105.42529,208.3329197,-1.593402901,26.65819023637157,0.1641060930887083
22287.42414,52100.74802,208.3329197,-1.638919971,26.68697502821122,-0.12251201375846368
22287.10492,52096.06932,208.3329197,-1.682942897,26.66543787457844,-1.154692716416668
22286.58041,52091.4119,208.3329197,-1.723981011,26.461704538899543,-1.1616911018946796
22285.86704,52086.7915,208.3329197,-1.77076798,26.2556594926284,-1.1581729558167542
22284.95061,52082.26992,208.3329197,-1.823939714,26.05135613607245,-1.0644073369381617
22283.78999,52077.78344,208.3329197,-1.860648795,25.86131986457024,-1.0902957817461032
22282.46707,52073.34789,208.3329197,-1.919507786,25.6654380894782,-0.8561041126876789
22280.88502,52068.99641,208.3329197,-1.960090307,25.510525998177133,-0.15500347091672223
22279.09908,52064.64293,208.3329197,-1.985121972,25.481918647775775,-0.15942263550150373
22277.21924,52060.36846,208.3329197,-2.038212009,25.45268762584911,0.011999500780953727
22275.1363,52056.24152,208.3329197,-2.086665895,25.45486692059531,0.6171428372694581
22272.83563,52052.18453,208.3329197,-2.122659343,25.56769197429593,0.6293306191364464
22270.37992,52048.19588,208.3329197,-2.16172667,25.682726491557386,0.8259782568548071
22267.7922,52044.33881,208.3329197,-2.222502052,25.83167223749004,1.4543900393143228
22264.96997,52040.63947,208.3329197,-2.25765432,26.09233119656871,1.4126608279121573
22262.01946,52037.04159,208.3329197,-2.311553468,26.34304311556692,1.4699859182073467
22258.89966,52033.63002,208.3329197,-2.362382232,26.59976235338684,1.8305883029839962
22255.56254,52030.33395,208.3329197,-2.418354436,26.92062354955204,1.8403937741782601
22251.96613,52027.15899,208.3329197,-2.263573368,27.24661422082383,1.8152059029958483
22248.10953,52024.12298,208.3329197,-2.305303208,27.57166810513357,1.5949604598435536
22244.78793,52020.50665,210.360212,-2.309521913,27.854268853150064,1.6049301380055911
22241.41852,52016.84752,212.2628408,-2.305167726,28.139413922925318,1.5256735905901466
22237.21847,52013.85417,214.0476786,-2.282035179,28.417673431028444,1.4729367828153077
22234.03766,52010.09809,215.7299412,-2.191681948,28.671652111147896,1.4974575923961693
22231.40352,52006.35356,217.2542639,-2.055877502,28.90977426612639,1.603138642290862
22228.34304,52002.88145,218.6330027,-1.921291804,29.165304414636378,1.7135139411537135
22226.65547,51998.39915,219.8654713,-2.017215711,29.445349156366618,1.7676664004570874
22224.6614,51994.20744,220.9771503,-1.882795681,29.722702813513607,1.8135759353451413
22223.16002,51989.7971,222.0270841,-1.795939891,30.00562544253372,1.8600996732966442
22220.85648,51985.46451,223.0584828,-1.745618036,30.30828584916929,1.833996473576244
22218.67283,51981.01182,224.080579,-1.720505992,30.6069095560204,1.9063212624684338
22217.71189,51976.27205,225.1013921,-1.722105759,30.90665967615764,1.8794829032578741
22215.63688,51971.61719,226.1133017,-1.718819519,31.215041899182733,1.9500841582388877
22214.96539,51966.83275,227.1038265,-1.709269537,31.515422370038188,1.9582907760411696
22214.37564,51962.07968,228.0686302,-1.697486699,31.811639123155008,1.906149493170416
22213.84075,51957.29296,229.0208014,-1.705344256,32.09894656548204,1.9234662702622347
22213.27629,51952.49074,229.9603878,-1.708927434,32.38739517661614,1.925323891795221
22212.74247,51947.68052,230.8945419,-1.711738729,32.67383569475519,1.8676476277638818
22212.19583,51942.87857,231.8208099,-1.709696308,32.94893148131113,1.8833545432790713
22211.63498,51938.08113,232.7331334,-1.715529331,33.22387263766095,1.8857480007370648
22211.06954,51933.27325,233.6464594,-1.712760702,33.49751608995388,1.8369159707703504
22210.49588,51928.46579,234.5484078,-1.718275968,33.76197095165706,1.851313597300431
22209.88765,51923.65371,235.4437503,-1.715544279,34.026897924904794,1.8498132667466554
22209.25803,51918.87235,236.3326727,-1.710577124,34.28806989477904,1.7897184381728255
22208.6661,51914.12411,237.2198302,-1.707964625,34.536926901942785,1.8021663857469759
22208.16729,51909.33779,238.0994473,-1.727743735,34.78712751055819,1.8048726824449774
22207.66354,51904.50632,238.9628175,-1.715348447,35.03825278521522,1.7650857200471282
22207.17015,51899.69667,239.8097677,-1.714494098,35.28097434657185,1.7775487177289264
22206.63803,51894.8821,240.6490344,-1.711531491,35.52418386330261,1.778672915765807
22206.08281,51890.07676,241.487307,-1.704571832,35.76556474336464,1.7367805441989055
22205.53161,51885.29263,242.3188972,-1.702691677,35.99865999955886,1.748112099597335
22204.96422,51880.48625,243.145146,-1.707831763,36.232918558947866,1.7478178127797699
22204.3991,51875.6909,243.5558664,-1.706167469,36.46509541143999,1.697757412476065
22203.84201,51870.89302,243.9653726,-1.695104831,36.68928872624423,1.7060829015983467
22203.30673,51866.09582,244.3721468,-1.685781409,36.91306454154401,1.7126868387941026
22202.80934,51861.29278,244.7784588,-1.694667789,37.13643121124359,1.6693832659500647
22202.27051,51856.48222,245.1822518,-1.68920028,37.35339743805992,1.6806560209128503
22201.7696,51851.69953,245.5834398,-1.678102551,37.56914085029825,1.6807028371620618
22201.26488,51846.88286,245.9845736,-1.683918681,37.785179261502655,1.6401989039344125
22200.72436,51842.07912,246.3812329,-1.6779787,37.99443896905964,1.6500689097904193
22200.21884,51837.30312,246.7788817,-1.677905469,38.2024461976423,1.651926048919124
22199.73432,51832.49471,247.1745418,-1.683141835,38.41085287742,1.6235350539174649
22199.23458,51827.66339,247.5669856,-1.687652188,38.61560505589456,1.6322492529593349
22198.69429,51822.85692,247.9561564,-1.685051106,38.81951170262919,1.6333387281372107
22198.17626,51818.08041,248.3435184,-1.681221846,39.021139178009264,1.602758636600913
22197.69667,51813.28379,248.7295215,-1.679034549,39.218638618006686,1.610942063572255
22197.20105,51808.47636,249.1106596,-1.679090384,39.41665500995453,1.611143568029829
22196.71135,51803.68064,249.488211,-1.676308753,39.61320782323354,1.5765045528664468
22196.24129,51798.87458,249.8640822,-1.677644667,39.80492546851725,1.5842182620914438
22195.753,51794.06479,250.2351299,-1.67240396,39.99687408007979,1.5849879119686978
22195.26761,51789.27289,250.6029611,-1.666339708,40.18728497405502,1.554627701800885
22194.80752,51784.47082,250.9696474,-1.671007067,40.3734703681111,1.5618577717523834
22194.34245,51779.65328,251.333301,-1.676493259,40.56027235224305,1.562521000169278
22193.86533,51774.84209,251.6935699,-1.674761908,40.74609937862762,1.5330576093123667
22193.3918,51770.0411,252.0510249,-1.668772511,40.92720893696583,1.5398216097443251
22192.92548,51765.22969,252.4075463,-1.676857983,41.10867655347271,1.540641986184187
22192.44041,51760.41053,252.7614897,-1.685741715,41.28979922332834,1.5139682439847735
22191.95423,51755.62361,253.1120365,-1.672531162,41.465848301199976,1.5200946949684615
22191.52065,51750.82744,253.4606925,-1.677925138,41.64201365419616,1.5207785706695611
22191.06606,51746.00979,253.8050604,-1.673180166,41.818363763408726,1.493212039453884
22190.61293,51741.19574,254.1459671,-1.674511681,41.99066432055504,1.4994279409654212
22190.14675,51736.39169,254.4843307,-1.663526613,42.16266375952361,1.5000185810737017
22189.69974,51731.59309,254.8220135,-1.669341971,42.33377517775277,1.4740694388692395
22189.2641,51726.76311,255.1578738,-1.683680205,42.50230317568683,1.4802295255641142
22188.77734,51721.94899,255.4911761,-1.678198674,42.6704868402631,1.4780480584007145
22188.30855,51717.14825,255.8222151,-1.679690345,42.83724309890809,1.4383461596407818
22187.84149,51712.33928,256.1512568,-1.677018134,42.99916762748616,1.4437497733907032
22187.37886,51707.53589,256.4779718,-1.670458809,43.16088952197912,1.4419902252761985
22186.92069,51702.73526,256.8048526,-1.668068036,43.321706096946194,1.4050870064950969
22186.4709,51697.90755,257.1315691,-1.692686424,43.478680741056685,1.4104505568265013
22185.95939,51693.08792,257.4555159,-1.687023092,43.63562458718485,1.4143978361322047
22185.47538,51688.31367,257.7766521,-1.667786308,43.79089329910968,1.4130210992151533
22185.0545,51683.52578,257.9,-1.660453685,43.94570846810321,1.4178177876278089
22184.6499,51678.70362,257.9,-1.66788812,44.101555850380144,1.421121036539124
22184.20854,51673.87217,257.9,-1.67296869,44.257615817537285,1.4147501561588234
22183.73552,51669.06243,257.9,-1.672187784,44.411838220693966,1.419542029334536
22183.28824,51664.25605,257.9,-1.676385393,44.56586193737223,1.4196604363553618
22182.82468,51659.44741,257.9,-1.67920854,44.7194881123209,1.3954345339201462
22182.37009,51654.63777,257.9,-1.678092202,44.86998457516193,1.4001514347931052
22181.90608,51649.82801,257.9,-1.672496248,45.02051567975317,1.4008644510747306
22181.45858,51645.03175,257.9,-1.667521868,45.17015624619368,1.381571002519425
22181.03759,51640.22656,257.9,-1.67193521,45.317450253761045,1.386053495554086
22180.59763,51635.39277,257.9,-1.678788866,45.46566253066188,1.38717369663267
22180.11948,51630.58126,257.9,-1.67341452,45.61294796060536,1.3699747847873105
22179.66855,51625.78351,257.9,-1.676565982,45.75745348252667,1.3742890352531716
22179.21288,51620.97128,257.9,-1.678837831,45.90240193835002,1.375242354875904
22178.75071,51616.16243,257.9,-1.676253448,46.046912140443546,1.3587230755718336
22178.29476,51611.35527,257.9,-1.673580893,46.18917561372783,1.3628775356745442
22177.845,51606.54661,257.9,-1.674689118,46.33146209719727,1.3637706422924545
22177.39498,51601.73735,257.9,-1.675882868,46.47342400230262,1.3477401394935817
22176.94433,51596.93065,257.9,-1.672363005,46.61322045997802,1.351725488226401
22176.50447,51592.11604,257.9,-1.680882761,46.753209413390806,1.3526830871318738
22176.02991,51587.29597,257.9,-1.684059933,46.89313055785915,1.3371032416801645
22175.54462,51582.49766,257.9,-1.671666467,47.03044572159576,1.3408679055142028
22175.10775,51577.70469,257.9,-1.662318827,47.167463221973016,1.3409770431126566
22174.70179,51572.88901,257.9,-1.666337853,47.30465970168167,1.3226548037420414
22174.279,51568.06558,257.9,-1.672486646,47.4398484152004,1.3266323262896567
22173.82249,51563.24365,257.9,-1.689609136,47.57510149812882,1.3271623059321112
22173.30831,51558.43774,257.9,-1.685642843,47.70974249992214,1.3096225332051923
22172.81622,51553.64099,257.9,-1.678606834,47.84192025132717,1.3131261888217245
22172.35213,51548.83813,257.9,-1.6749894,47.97417643758487,1.3138354758256092
22171.89807,51544.03222,257.9,-1.670695657,48.10619702755522,1.2992050752418316
22171.46195,51539.22205,257.9,-1.676885575,48.236461874784055,1.3028170598519617
22171.00775,51534.41312,257.9,-1.672173556,48.36674820130539,1.3035728806193179
22170.57004,51529.60383,257.9,-1.662880545,48.4967285038867,1.2896471757094334
22170.15693,51524.78698,257.9,-1.679308563,48.62512064522054,1.2933815309027765
22169.68965,51519.97438,257.9,-1.687263157,48.75356353669312,1.2943099964259763
22169.19957,51515.16802,257.9,-1.684815535,48.88165614809442,1.2812597546943276
22168.71818,51510.36336,257.9,-1.676212466,49.00806041491282,1.2844822879301026
22168.25783,51505.55639,257.9,-1.670408427,49.13446265365765,1.2852444143441264
22167.81413,51500.74451,257.9,-1.675288259,49.26070214973246,1.2730218288088955
22167.35451,51495.9395,257.9,-1.660508816,49.38528507590146,1.2758496947763953
22166.95485,51491.12574,257.9,-1.673973942,49.50991731435392,1.2766431090477133
22166.50453,51486.3115,257.9,-1.675948154,49.634440698707415,1.262106942378056
22166.04417,51481.50166,257.9,-1.674435404,49.75715277829414,1.2652014640841638
22165.58914,51476.69419,257.9,-1.673766442,49.87979007640771,1.2657313979343037
22165.14119,51471.88579,257.9,-1.677652645,50.00218445094108,1.2521228497366426
22164.68334,51467.07601,257.9,-1.681328905,50.12302633984424,1.2552228213286631
22164.20957,51462.26832,257.9,-1.674572433,50.24386206534174,1.255945418855459
22163.75571,51457.45774,257.9,-1.674840402,50.36450126297744,1.2445497626496098
22163.29987,51452.65001,257.9,-1.675562274,50.48369613079629,1.247488895405577
22162.84832,51447.84365,257.9,-1.672008375,50.60284717000641,1.2477871152660043
22162.41505,51443.03198,257.9,-1.675895591,50.72183557756361,1.233921549009576
22161.96478,51438.2199,257.9,-1.683411843,50.83927553761107,1.2369388676007675
22161.47815,51433.41279,257.9,-1.679144845,50.95669650387882,1.2374194784747385
22161.00538,51428.60648,257.9,-1.673280779,51.07384034851487,1.2246339575067005
22160.55882,51423.79802,257.9,-1.672640906,51.18950139986906,1.2273340014007976
22160.12153,51418.98559,257.9,-1.676196366,51.30523013815973,1.22848483907361
22159.6546,51414.17677,257.9,-1.674439208,51.420786956060006,1.2192228200406403
22159.19837,51409.36898,257.9,-1.672416487,51.53516791288262,1.221857150973728
22158.75648,51404.55883,257.9,-1.674320346,51.64956593153968,1.2224029815191535
22158.30822,51399.74862,257.9,-1.678022429,51.76377733605245,1.2102757230163186
22157.84225,51394.94067,257.9,-1.678149708,51.87659455847605,1.2129165636423942
22157.37597,51390.1327,257.9,-1.663155605,51.98941349707983,1.2127453411480464
22156.97696,51385.31629,257.9,-1.663375063,52.10202772195396,1.1991413053173907
22156.57912,51380.50094,257.9,-1.67595868,52.21311339771524,1.2020917002209783
22156.1221,51375.6932,257.9,-1.675264744,52.32418184325123,1.2029468753812764
22155.66952,51370.88252,257.9,-1.673383517,52.43515134559309,1.1939596233764478
22155.22689,51366.07114,257.9,-1.670331659,52.5450549492334,1.196389891906688
22154.79659,51361.25895,257.9,-1.670075239,52.65494518345791,1.1972295829878912
22154.36774,51356.44734,257.9,-1.670177957,52.76466740790419,1.1882308799086003
22153.93771,51351.63457,257.9,-1.668891079,52.8733681197816,1.1906389272980185
22153.51456,51346.82273,257.9,-1.677595895,52.98203095889095,1.191455690086223
22153.05074,51342.01642,257.9,-1.676055805,53.090505939749605,1.180745985007994
22152.59355,51337.20595,257.9,-1.675201656,53.19786553237479,1.1831122292938516
22152.1405,51332.3962,257.9,-1.674153706,53.30519883341856,1.183017133407414
22151.69235,51327.5865,257.9,-1.676439945,53.412296619035295,1.1684627161680432
22151.18348,51322.78749,257.9,-1.679908675,53.517765566335626,1.1708007250214256
22150.6576,51317.98706,257.9,-1.677024804,53.62330811320594,1.1697336448767777
22150.14496,51313.17939,257.9,-1.67001486,53.72867316130477,1.1483545812361735
22149.66636,51308.37164,257.9,-1.671619123,53.83183909069483,1.1506086035074286
22149.18047,51303.56859,257.9,-1.675633208,53.93492536601061,1.1493542370945502
22148.67509,51298.76565,257.9,-1.679615808,54.03774315047895,1.1265532918350687
22148.15077,51293.96645,257.9,-1.681687497,54.13829637681098,1.1286599518594393
22147.61612,51289.16487,257.9,-1.673063238,54.23892349390217,1.1286190794275284
22147.12239,51284.35381,257.9,-1.667956785,54.33946600474373,1.1164313482861694
22146.65435,51279.55191,257.9,-1.678202195,54.43850071391466,1.1186321430810424
22146.13756,51274.75886,257.9,-1.683013648,54.53747180037944,1.1218545662854218
22145.59615,51269.95437,257.9,-1.672640306,54.63683681875828,1.1324352729838336
22145.1044,51265.14272,257.9,-1.667370123,54.73699358422666,1.1344223204799955
22144.63831,51260.33142,257.9,-1.667697154,54.83708289744856,1.136466165836206
22144.17079,51255.52184,256.8830623,-1.678425534,54.93713713606218,1.138627714132298
22143.65236,51250.72351,255.8521428,-1.678242571,55.037075256971896,1.1406788479547847
22143.13445,51245.92204,254.8073671,-1.676332041,55.13707520646306,1.1288843923118494
22142.62578,51241.12001,253.7492123,-1.674160669,55.23585423565356,1.0291809097282651
22142.1276,51236.31757,252.6708077,-1.672705642,55.325742621082846,1.0308528300774282
22141.63659,51231.51611,251.5738978,-1.675496063,55.41559907078879,0.9239053451335291
22141.13193,51226.71365,250.4564681,-1.67459783,55.496049579050535,0.11122365771784525
22140.63022,51221.89769,249.3150055,-1.669891714,55.505752979553,0.11123660797173492
22140.15223,51217.08997,248.1514735,-1.673753255,55.51543457444669,-0.15739314747612781
22139.65679,51212.2949,246.96281,-1.672472846,55.50176590043163,-2.1598702077080745
22139.1662,51207.48652,245.7502736,-1.671758328,55.3133549375346,-2.1524504316560713
22138.679,51202.67731,244.5101876,-1.673478754,55.1249317168968,-2.4592958512529135
22138.18409,51197.87443,243.2403432,-1.673505967,54.90910310484377,-4.780011756041607
22137.6897,51193.07792,241.9435437,-1.676992624,54.48772263719941,-4.743238317405467
22137.17743,51188.27223,240.6199312,-1.674544601,54.06537314777295,-4.919409518329634
22136.67638,51183.46008,239.267268,-1.670275136,53.62334142494797,-6.461322332662365
22136.19628,51178.64987,237.8741457,-1.667530109,53.03765892365012,-6.38990049576864
22135.73004,51173.84512,236.4452655,-1.676842896,52.45284640958013,-6.407030189228816
22135.22096,51169.06264,234.9815568,-1.687147506,51.8620467220426,-7.001980867109891
22134.66199,51164.28012,233.4838583,-1.684720874,51.20782916132724,-6.912917311914979
22134.11163,51159.4701,231.9426771,-1.671630526,50.55002791597804,-6.8617250219287875
22133.57354,51154.64987,230.3531044,-1.666042449,49.88731545966696,-7.063127374530705
22133.06257,51149.83503,228.7057045,-1.663782999,49.19701874454469,-6.963474513961656
22132.56272,51145.02144,226.9929589,-1.668339062,48.50719080565313,-6.903724189675837
22132.04432,51140.24249,225.2160177,-1.681086676,47.81814893008947,-7.080767935630561
22131.46464,51135.4601,223.3670492,-1.679047612,47.09940203452577,-6.972931231514002
22130.89394,51130.65794,221.4389669,-1.677037319,46.37792729151099,-6.902054411564199
22130.33223,51125.8648,219.4114583,-1.67213647,45.65407234115352,-7.074929348897949
22129.79107,51121.05459,217.2664375,-1.6673906,44.89767421152676,-6.956723495730789
22129.2733,51116.25349,214.9882194,-1.678203984,44.14310784071831,-6.879351137346388
22128.70777,51111.46998,212.5349774,-1.678684386,43.385950772502255,-7.0727402406784305
22128.0881,51106.68003,212.5349774,-1.683379704,42.59131296319588,-6.941649413139447
22127.45034,51101.89371,212.5349774,-1.683151897,41.79692247498759,-6.849512896033093
22126.81359,51097.1053,212.5349774,-1.676905525,40.99766757737819,-7.025372724066287
22126.20275,51092.30776,212.5349774,-1.676991298,40.16037271255431,-6.8806620865630554
22125.59322,51087.51428,212.5349774,-1.672974484,39.32378091293002,-6.764197483050731
22124.99869,51082.71341,212.5349774,-1.6696707,38.48266568145954,-6.839006845283431
22124.41895,51077.9121,212.5349774,-1.671388059,37.61337749098413,-6.683228153521152
22123.83462,51073.12536,212.5349774,-1.675074412,36.74655709997081,-6.521468673021925
22123.13289,51068.35481,212.5349774,-1.677805832,35.880606437896326,-6.342078836204261
22122.61769,51063.54392,212.5349774,-1.875879162,35.014952767366374,-6.1629452773694995
22121.63584,51058.79613,212.5349774,-1.677207788,34.150957587245,-5.977337023865811
22121.1247,51054.00635,212.5349774,-1.88354593,33.29718498138435,-5.265247327485679
22119.60865,51049.31198,212.5349774,-1.87510707,32.50776061197836,-5.14557756176215
22118.1226,51044.59384,212.5349774,-1.873604866,31.715105555091785,-4.896142874335264
22116.64924,51039.90961,212.5349774,-1.889992442,30.94774806760793,-3.88736458418452
22116.11547,51035.13739,212.5349774,-1.916703996,30.33857331643989,-3.7810511764239183
22114.45821,51030.53896,212.5349774,-1.962518457,29.72315329629294,-3.681426728248172
22112.62642,51026.10439,212.5349774,-2.021690317,29.122823071566216,-2.5917921107725475
22110.58972,51021.89771,212.5349774,-1.882766036,28.703864631792047,-2.6561566096149667
22109.1954,51017.57424,212.5349774,-1.960179787,28.280370700106776,-2.5490847504505
22107.46646,51013.36075,212.5349774,-2.013045819,27.86682915963715,-1.8247505010970126
22105.51404,51009.23764,212.5349774,-2.055341943,27.566484895077828,-1.8143323571680194
22103.38967,51005.202,212.5349774,-2.118103983,27.26466752875244,-1.7426984316519034
22101.02455,51001.32098,212.5349774,-2.195358338,26.972603100052567,-1.0344364581414294
22098.3837,50997.65729,212.5349774,-2.265739423,26.79883812942291,-1.0289993635116728
22095.496,50994.19351,212.5349774,-2.330956495,26.62511884028102,-0.9081754405951717
22092.36442,50990.89973,212.5349774,-2.397542045,26.46964086052164,-0.10271640186088596
22088.99216,50987.79541,212.5349774,-2.449597597,26.45184824436834,-0.10153892314318871
22085.44158,50984.85306,212.5349774,-2.492272864,26.434141251035456,-0.02337580548519177
22081.79598,50982.08557,212.5349774,-2.318901799,26.4300934381523,0.5534197379558446
22078.53577,50978.57265,212.5349774,-2.36424057,26.530257119928653,0.5557627871246957
22075.05677,50975.14918,212.5349774,-2.630970739,26.632308084650216,0.6628544319149023
22070.91935,50972.8315,212.5349774,-2.696793115,26.75008055184304,1.2000703304924487
22066.70904,50970.82463,212.5349774,-2.780006173,26.958512769446305,1.1974716699338497
22062.37966,50969.18719,212.5349774,-2.6238407,27.163336562744885,1.172733239030361
22058.17155,50966.79033,212.5349774,-2.91245764,27.37161995514034,1.5915769427998012
22053.53856,50965.70977,212.5349774,-2.72878062,27.64686055063356,1.5551907323569967
22048.97941,50963.71296,212.5349774,-3.007247541,27.925437684406624,1.6308660632966014
22044.16901,50963.06279,212.5349774,-2.848615581,28.207498511058525,1.6509538233399859
22039.3411,50961.60642,212.5349774,-3.140363911,28.501119246697005,1.6865270539011907
22034.44341,50961.6004,212.5349774,-3.211574843,28.78947696932202,1.693231740192193
22029.58327,50961.94108,212.5349774,-3.269189046,29.074611890089862,1.6567392989198735
22024.74046,50962.56238,212.5349774,-3.325500821,29.35150969351723,1.6502684183103629
22019.93391,50963.45644,212.5349774,-3.37579218,29.625114807888707,1.6583295862661762
22015.24041,50964.57621,212.5349774,-3.409673634,29.89399713525225,1.6199796502799038
22010.60088,50965.85066,212.5349774,-3.429890883,30.153602908396817,1.616335391255879
22005.90933,50967.24199,212.5349774,-3.45956677,30.41478054017958,1.625053372436275
22001.30908,50968.75613,212.5349774,-3.48242994,30.67245072057887,1.5813089628148944
21996.71518,50970.38548,212.5349774,-3.515728741,30.922722207412868,1.5694790847149385
21992.14432,50972.18014,212.5349774,-3.559596551,31.17096052937267,1.5692364552211633
21987.68301,50974.16176,212.5349774,-3.602544013,31.415753649830517,1.5280160392971585
21983.36752,50976.30499,212.5349774,-3.630529484,31.649245391967217,1.5262024148017062
21979.0589,50978.59727,212.5349774,-3.662227201,31.883723607110323,1.5522494825086641
21974.87802,50980.99461,212.5349774,-3.913791741,32.11749952675748,1.4381636231187924
21971.26446,50984.51402,214.1322722,-3.733539845,32.34258148043747,1.499750873548246
21967.28245,50987.19143,215.6570383,-4.011883784,32.564328262693444,1.4826699407782606
21964.11743,50990.94523,217.1161911,-3.810770963,32.78712208100527,1.4677314200999478
21960.37229,50993.90732,218.5151389,-4.067546881,33.00018231639306,1.4435254954276073
21957.42437,50997.82692,219.8582871,-3.864758596,33.21402400957062,1.490991151553872
21953.85289,51000.97941,221.1518214,-4.125275435,33.427188308157696,1.4257767385427706
21951.15511,51005.0339,222.4016585,-3.921156991,33.63426802243447,1.4743495445451271
21947.79842,51008.35165,223.6101135,-4.195400075,33.84051906824491,1.4541433358135745
21945.42016,51012.53452,224.7852216,-3.988288561,34.04665260319269,1.470999757545243
21942.27961,51016.08578,225.9263514,-4.003807631,34.25086528738912,1.4867759936921923
21939.19998,51019.67901,227.0359548,-4.023781769,34.455678075075255,1.5034048392925803
21936.21866,51023.30152,228.1174293,-4.054991405,34.659780952137375,1.4967702163070944
21933.35836,51027.00685,229.1732635,-4.091061867,34.86133770828012,1.5052210319677135
21930.62182,51030.82929,230.2050088,-4.125196649,35.063728413877016,1.5124613240075548
21928.0012,51034.76713,231.2140959,-4.149060956,35.26717114620871,1.489429342231846
21925.45388,51038.80028,232.202239,-4.155173249,35.46805908716264,1.5187019218129356
21922.94667,51042.82419,233.1715879,-4.168119269,35.670489575791564,1.5430825744231214
21920.52731,51046.82149,234.1219607,-4.213858673,35.87204695676818,1.5151127474943398
21918.28495,51050.94048,235.0539994,-4.239079074,36.06958434803312,1.5302728469137528
21916.13667,51055.13522,235.9697039,-4.264187621,36.26897856782027,1.5179091376764051
21914.07681,51059.4191,236.8690464,-4.280031493,36.46737190551016,1.52474462407657
21912.08654,51063.73193,237.7559379,-4.307897344,36.6654336334579,1.5473008176075798
21910.23892,51068.04782,238.6277889,-4.339191066,36.86302186503897,1.5531049219207582
21908.52823,51072.41686,239.4851907,-4.361359826,37.06017745452441,1.5157011820081094
21906.89808,51076.86846,240.3284566,-4.377011167,37.2535594085554,1.5286830820246569
21905.32918,51081.36975,241.1613764,-4.389012817,37.44865496420777,1.5521119131570837
21903.82249,51085.86543,241.9828939,-4.41707958,37.64465765144846,1.5033566830840877
21902.43462,51090.42776,242.7922333,-4.427702555,37.83462083172245,1.517685387243113
21901.08757,51095.03094,243.5938416,-4.433183496,38.02652844958081,1.5841230333146805
21899.78936,51099.55911,243.9911968,-4.345055212,38.22226025599841,1.515383091920963
21898.08298,51103.99358,244.3833249,-4.487150423,38.41017712291372,1.5174355872550445
21897.01535,51108.65317,244.7731539,-4.379569855,38.59856746962278,1.5169596237690448
21895.43585,51113.22245,245.1610939,-4.51073454,38.78810550352375,1.5215878124529885
21894.47723,51117.9116,245.5477334,-4.409686031,38.97540474852679,1.5324547654611012
21893.04587,51122.49488,245.9315445,-4.546777151,39.16374098622486,1.5278847110851785
21892.26131,51127.18885,246.3122368,-4.566711667,39.34896789046449,1.5081124564024293
21891.56558,51131.93085,246.6902434,-4.461250583,39.53223158033191,1.509535597216813
21890.36417,51136.61371,247.0666384,-4.592944709,39.716408291661445,1.5314799952667222
21889.79362,51141.36765,247.4390705,-4.499099435,39.90061038596912,1.492557067818891
21888.77539,51146.06898,247.8081826,-4.630530136,40.080145956455816,1.503897736048968
21888.38112,51150.87462,248.1754913,-4.506723896,40.260663772041205,1.4988874154498741
21887.38576,51155.64595,248.5423864,-4.624974405,40.44171536877034,1.499463969675189
21886.96345,51160.46462,248.9080733,-4.521948455,40.620666872517376,1.491197669596278
21886.04519,51165.22799,249.2708172,-4.539270201,40.79836259397226,1.4932251393341571
21885.20856,51170.01233,249.6313004,-4.669091901,40.9757415791467,1.4844622831427583
21884.99881,51174.85374,249.9892184,-4.569691041,41.15092541351772,1.4770325286011121
21884.30982,51179.64918,250.3439251,-4.580152911,41.32445003552706,1.4820102192110844
21883.66993,51184.45995,250.6967951,-4.585414279,41.49813220723782,1.4642382738608304
21883.05686,51189.26226,251.0481911,-4.703709297,41.66860406799312,1.4799659971211943
21883.01505,51194.07856,251.3979567,-4.586936428,41.8393238781721,1.4751058089875095
21882.40808,51198.89143,251.7469938,-4.709270467,42.01000449437867,1.456557786990382
21882.39296,51203.74181,252.0951133,-4.583957879,42.17784090950642,1.452539974234809
21881.76703,51208.58857,252.4413627,-4.699548749,42.34580758200137,1.4665932269212305
21881.70527,51213.39838,252.7869118,-4.583286043,42.5120765466237,1.426278240843084
21881.08143,51218.20364,253.1309423,-4.700779633,42.67433606955774,1.4415342038570758
21881.0254,51223.02936,253.4741684,-4.583743515,42.83704912349994,1.436726607439764
21880.39866,51227.87432,253.8168371,-4.699175856,43.00058769623246,1.4393393089435165
21880.33452,51232.72827,254.1574976,-4.5737148,43.16277011673161,1.433224326413334
21879.66255,51237.54282,254.4982869,-4.693398083,43.32388664980505,1.4484556953464685
21879.57088,51242.36961,254.8375656,-4.692195046,43.4849911911558,1.4176160016310502
21879.47347,51247.19268,255.1761787,-4.70418608,43.64197257214099,1.4227441377620949
21879.43395,51252.0105,255.5133346,-4.705787614,43.79875890393953,1.4259060363986082
21879.40203,51256.84442,255.8472815,-4.694083066,43.95585300602672,1.3845628222673367
21879.31371,51261.66916,256.1808227,-4.693079816,44.10759076464011,1.3892807660404138
21879.22051,51266.49477,256.5138713,-4.695007967,44.259352886015954,1.3940051577088315
21879.1358,51271.36787,256.8455553,-4.69257062,44.41259532515302,1.3962979293547595
21879.0394,51276.23202,257.1764965,-4.690664318,44.56528801688217,1.4012159615898532
21878.93483,51281.04445,257.5060823,-4.696683299,44.71637940373323,1.4009646669251803
21878.85918,51285.86027,257.8341028,-4.70074806,44.8670239602458,1.3843061641556118
21878.80354,51290.64035,257.9,-4.703612855,45.01427466904748,1.389079292135216
21878.76133,51295.44998,257.9,-4.704991999,45.16245513049644,1.3926486173605412
21878.7254,51300.30687,257.9,-4.711998597,45.31198082033502,1.3648219122805554
21878.7235,51305.18183,257.9,-4.705003774,45.45858017285703,1.3692152047393418
21878.68773,51310.02583,257.9,-4.707160547,45.60425232250602,1.3726451365205246
21878.66261,51314.83037,257.9,-4.714655969,45.74863787153951,1.350433133475721
21878.67362,51319.69008,257.9,-4.724034024,45.89186559285248,1.3608239867975265
21878.72982,51324.51546,257.9,-4.729023476,46.03473909978079,1.3612643071276231
21878.81062,51329.373,257.9,-4.733637722,46.17817476982208,1.3398900974920074
21878.91397,51334.23588,257.9,-4.738266971,46.319091283156894,1.350444199368436
21879.03863,51339.05215,257.9,-4.734330717,46.45934547173663,1.3511399030530933
21879.14512,51343.90445,257.9,-4.738544267,46.6002812360753,1.332060623594
21879.27151,51348.73579,257.9,-4.743836285,46.73822729227467,1.33467304655754
21879.42406,51353.58494,257.9,-4.751423987,46.876565079605946,1.334955969449013
21879.61405,51358.44975,257.9,-4.758021165,47.01500685283293,1.320323196014187
21879.83395,51363.26534,257.9,-4.748590431,47.15018972309748,1.3175729536611236
21880.01172,51368.17373,257.9,-4.772764248,47.28724135561744,1.3251628676426386
21880.30276,51372.98835,257.9,-4.777599679,47.42221840901546,1.309101486290088
21880.62062,51377.85601,257.9,-4.786925428,47.55668684855172,1.3180078893326719
21880.97847,51382.64793,257.9,-4.788426005,47.689676173009445,1.3209002700193189
21881.34637,51387.47713,257.9,-4.777147084,47.82363395464645,1.2994582431847186
21881.66067,51392.32371,257.9,-4.784760049,47.95541970896882,1.3041037299121843
21882.00934,51397.13306,257.9,-4.786605606,48.086370043358805,1.3042544785690224
21882.37161,51402.00542,257.9,-4.795741258,48.21870654635556,1.2903151279541283
21882.77506,51406.83444,257.9,-4.806156955,48.34820568723715,1.2958507583796555
21883.22579,51411.62729,257.9,-4.806792965,48.47706093521285,1.298706345466138
21883.68127,51416.43776,257.9,-4.804762634,48.60633803648528,1.2807741771763397
21884.13001,51421.28172,257.9,-4.8119698,48.73435404541448,1.2840597510007328
21884.61259,51426.11188,257.9,-4.822798624,48.86208600549749,1.2878019075750626
21885.14438,51430.90878,257.9,-4.828236424,48.989121783190114,1.2739635585337599
21885.70255,51435.70536,257.9,-4.821684488,49.11453816575279,1.277334781808892
21886.22919,51440.50472,257.9,-4.829144879,49.2399455019658,1.280109405768374
21886.78867,51445.27475,257.9,-4.834844587,49.36464594925873,1.2665700154179056
21887.37749,51450.05912,257.9,-4.834564869,49.488172207702085,1.2697544541719146
21887.96717,51454.86156,257.9,-4.833824828,49.612162024408434,1.2725730778968056
21888.5537,51459.66776,257.9,-4.831504822,49.7362026454778,1.2576466145638034
21889.12892,51464.47397,257.9,-4.827559471,49.85845118397684,1.2608225559896669
21889.68535,51469.28402,257.9,-4.823772558,49.980749101300496,1.263542792226675
21890.22179,51474.08019,257.9,-4.827150838,50.10260661004884,1.2483527863153479
21890.77276,51478.86012,257.9,-4.831109716,50.22234848004577,1.2512475371516718
21891.34432,51483.65176,257.9,-4.826182861,50.34243088747383,1.2539967137103163
21891.89538,51488.47339,257.9,-4.816863433,50.46317156817597,1.2411269044321682
21892.40077,51493.29327,257.9,-4.818873753,50.582224557965255,1.2440336190425068
21892.91408,51498.09557,257.9,-4.819187036,50.7008673387749,1.2465014254947553
21893.42975,51502.90566,257.9,-4.819139956,50.81966381517586,1.2328758101138293
21893.94154,51507.68165,257.9,-4.833773625,50.93605851279699,1.2354258914215326
21894.52187,51512.43901,257.9,-4.837052198,51.05216864676471,1.2379591632918923
21895.1223,51517.23054,257.9,-4.833908233,51.1691327080137,1.223302133683058
21895.71072,51522.04884,257.9,-4.827900297,51.28504845801088,1.2262091995463706
21896.26945,51526.86437,257.9,-4.825681966,51.40082797148601,1.2287119532437905
21896.81467,51531.65619,257.9,-4.828233861,51.51598420204687,1.2145476147163299
21897.37183,51536.44422,257.9,-4.82802627,51.62950404927275,1.2172278973750341
21897.93026,51541.25174,257.9,-4.824539303,51.743483409189935,1.219644999758781
21898.47231,51546.06477,257.9,-4.823640275,51.85752280632901,1.2051518127344647
21899.0073,51550.85376,257.9,-4.827495497,51.96938901142779,1.2076912626414595
21899.56315,51555.66139,257.9,-4.822625787,52.08173399628471,1.2100869314673455
21900.09493,51560.46584,257.9,-4.828021056,52.19392329840441,1.1969422233518883
21900.64982,51565.24319,257.9,-4.826579756,52.304100587832366,1.1994955427299505
21901.20024,51570.04244,257.9,-4.825381926,52.41476671159629,1.2018554163341013
21901.74511,51574.84403,257.9,-4.826277404,52.52545551066123,1.190533361965251
21902.29387,51579.64158,257.9,-4.829380336,52.63479124153169,1.1929558253088408
21902.85736,51584.43612,257.9,-4.828990484,52.74409285480753,1.1951588196636524
21903.42016,51589.24096,257.9,-4.825227981,52.85359915406583,1.1769298410875177
21903.96507,51594.04945,257.9,-4.82279215,52.96124902707921,1.1793558733653675
21904.49642,51598.84274,257.9,-4.827438673,53.068532501582936,1.1815634860207596
21905.04858,51603.62083,257.9,-4.830555136,53.17551615605479,1.1694434425081213
21905.61904,51608.42593,257.9,-4.824829569,53.28182642402264,1.171885851909465
21906.1637,51613.24952,257.9,-4.821415451,53.38848438045937,1.1741839129546823
21906.6894,51618.05213,257.9,-4.822711896,53.49463454474909,1.1708200926002776
21907.21997,51622.8419,257.9,-4.826993834,53.60000414799169,1.173068514129335
21907.77029,51627.62279,257.9,-4.831777934,53.70522444642268,1.1751695357151415
21908.34542,51632.41709,257.9,-4.828104875,53.81078100757551,1.162568641042828
21908.90482,51637.22975,257.9,-4.823403141,53.91535575937467,1.16490308043998
21909.4408,51642.03796,257.9,-4.826259611,54.01978496949488,1.1669979764805374
21909.98718,51646.81539,257.9,-4.832388748,54.1235656315022,1.1503904668628055
21910.56537,51651.61051,257.9,-4.824377779,54.22612645432896,1.1527385549406464
21911.10941,51656.44817,257.9,-4.81547314,54.32951509377641,1.1548537865741888
21911.60565,51661.24511,257.9,-4.825100855,54.43192874035427,1.1467912827221742
21912.14608,51666.01957,257.9,-4.827170389,54.533067153499246,1.1488759289566466
21912.69879,51670.81372,257.9,-4.830754716,54.63464236343616,1.1509515555545082
21913.26781,51675.59853,257.9,-4.83297262,54.736056906007605,1.143911725146775
21913.84988,51680.40223,257.9,-4.826580288,54.83708899415622,1.146146028604833
21914.40176,51685.21414,257.9,-4.813863568,54.93822841276599,1.1483152094030054
21914.89053,51690.01427,257.9,-4.815309498,55.03898680444402,1.138749180873115
21915.38513,51694.80294,257.9,-4.822243411,55.138500842939045,1.140753010421877
21915.91478,51699.60491,257.9,-4.815828406,55.238360217632064,1.142816784369336
21916.41482,51704.42179,257.9,-4.814645999,55.33846063818371,1.1327218500158582
21916.90787,51709.22669,257.9,-4.814594721,55.43724032548826,1.134740213235659
21917.40048,51714.02964,257.9,-4.815282595,55.535979307433045,1.1367311084436924
21917.89672,51718.83541,257.9,-4.813580063,55.63478073422721,1.1269585148165284
21918.38536,51723.64785,257.9,-4.811980565,55.7326783713843,1.12893827579071
21918.86547,51728.45269,257.9,-4.813044605,55.83040568335173,1.1308363499822458
21919.35114,51733.26139,257.9,-4.809493858,55.92821500002805,1.1089829569872214
21919.81963,51738.07085,257.9,-4.812589157,56.02394971005636,1.1108817576910468
21920.30071,51742.85601,257.9,-4.820732307,56.11923047040949,0.0
21920.82361,51747.66344,257.9,-4.820732307,56.21503264026479,0.0
